gameId,actionNumber,clock,period,teamId,teamTricode,personId,playerName,playerNameI,xLegacy,yLegacy,shotDistance,shotResult,isFieldGoal,scoreHome,scoreAway,pointsTotal,location,description,actionType,subType,videoAvailable,shotValue,actionId
0022200929,2,PT12M00.00S,1,0,,0,,,0,0,0,,0,0,0,0,,Start of 1st Period (8:41 PM EST),period,start,0,0,1
0022200929,4,PT12M00.00S,1,1610612742,DAL,203939,Powell,D. Powell,0,0,0,,0,,,0,h,Jump Ball Powell vs. Turner: Tip to Doncic,Jump Ball,,1,0,2
0022200929,7,PT11M44.00S,1,1610612742,DAL,1629029,Dončić,L. Dončić,37,49,6,Made,1,2,0,2,h,Doncic 6' Fadeaway Jumper (2 PTS) (Irving 1 AST),Made Shot,Fadeaway Jump Shot,1,2,3
0022200929,9,PT11M18.00S,1,1610612754,IND,1626167,Turner,M. Turner,-142,11,14,Made,1,2,2,4,v,Turner 14' Turnaround Fadeaway (2 PTS) (Hield 1 AST),Made Shot,Turnaround Fadeaway shot,1,2,4
0022200929,11,PT10M56.00S,1,1610612742,DAL,203939,Powell,D. Powell,5,20,2,Made,1,4,2,6,h,Powell 2' Cutting Layup Shot (2 PTS) (Irving 2 AST),Made Shot,Cutting Layup Shot,1,2,5
0022200929,13,PT10M56.00S,1,1610612754,IND,1626167,Turner,M. Turner,0,0,0,,0,,,0,v,Turner S.FOUL (P1.T1) (M.Smith),Foul,Shooting,1,0,6
0022200929,15,PT10M56.00S,1,1610612742,DAL,203939,Powell,D. Powell,0,0,0,,0,5,2,7,h,Powell Free Throw 1 of 1 (3 PTS),Free Throw,Free Throw 1 of 1,1,0,7
0022200929,16,PT10M43.00S,1,1610612754,IND,1626167,Turner,M. Turner,-6,1,1,Made,1,5,4,9,v,Turner 1' Cutting Dunk Shot (4 PTS) (Nembhard 1 AST),Made Shot,Cutting Dunk Shot,1,2,8
0022200929,19,PT10M31.00S,1,1610612742,DAL,203200,Holiday,J. Holiday,-119,122,17,Missed,1,,,0,h,MISS Holiday 17' Pullup Jump Shot,Missed Shot,Pullup Jump shot,1,2,9
0022200929,20,PT10M28.00S,1,1610612754,IND,1630169,Haliburton,T. Haliburton,0,0,0,,0,,,0,v,Haliburton REBOUND (Off:0 Def:1),Rebound,Unknown,1,0,10
0022200929,21,PT10M15.00S,1,1610612754,IND,1630174,Nesmith,A. Nesmith,0,0,0,,0,,,0,v,Nesmith Bad Pass Turnover (P1.T1),Turnover,Bad Pass,1,0,11
0022200929,21,PT10M15.00S,1,1610612742,DAL,203493,Bullock Jr.,R. Bullock Jr.,0,0,0,,0,,,0,h,Bullock STEAL (1 STL),,,1,0,12
0022200929,23,PT10M06.00S,1,1610612742,DAL,1629029,Dončić,L. Dončić,0,0,0,,0,,,0,h,Doncic Out of Bounds Lost Ball Turnover (P1.T1),Turnover,Out of Bounds Lost Ball Turnover,1,0,13
0022200929,24,PT09M48.00S,1,1610612754,IND,1626167,Turner,M. Turner,11,43,4,Made,1,5,6,11,v,Turner 4' Turnaround Fadeaway (6 PTS) (Nembhard 2 AST),Made Shot,Turnaround Fadeaway shot,1,2,14
0022200929,26,PT09M32.00S,1,1610612742,DAL,203493,Bullock Jr.,R. Bullock Jr.,234,52,24,Missed,1,,,0,h,MISS Bullock 24' 3PT Jump Shot,Missed Shot,Jump Shot,1,3,15
0022200929,27,PT09M29.00S,1,1610612754,IND,1630169,Haliburton,T. Haliburton,0,0,0,,0,,,0,v,Haliburton REBOUND (Off:0 Def:2),Rebound,Unknown,1,0,16
0022200929,28,PT09M24.00S,1,1610612742,DAL,202681,Irving,K. Irving,0,0,0,,0,,,0,h,Irving S.FOUL (P1.T1) (T.Ford),Foul,Shooting,1,0,17
0022200929,30,PT09M24.00S,1,1610612754,IND,1626167,Turner,M. Turner,0,0,0,,0,5,7,12,v,Turner Free Throw 1 of 2 (7 PTS),Free Throw,Free Throw 1 of 2,0,0,18
0022200929,31,PT09M24.00S,1,1610612754,IND,1626167,Turner,M. Turner,0,0,0,,0,5,8,13,v,Turner Free Throw 2 of 2 (8 PTS),Free Throw,Free Throw 2 of 2,1,0,19
0022200929,32,PT09M12.00S,1,1610612742,DAL,202681,Irving,K. Irving,-55,12,6,Made,1,7,8,15,h,Irving 6' Cutting Layup Shot (2 PTS) (Powell 1 AST),Made Shot,Cutting Layup Shot,1,2,20
0022200929,34,PT08M55.00S,1,1610612754,IND,1626167,Turner,M. Turner,40,75,9,Missed,1,,,0,v,MISS Turner 9' Jump Shot,Missed Shot,Jump Shot,1,2,21
0022200929,34,PT08M55.00S,1,1610612742,DAL,1629029,Dončić,L. Dončić,0,0,0,,0,,,0,h,Doncic BLOCK (1 BLK),,,1,2,22
0022200929,36,PT08M52.00S,1,1610612754,IND,1629614,Nembhard,A. Nembhard,0,0,0,,0,,,0,v,Nembhard REBOUND (Off:1 Def:0),Rebound,Unknown,1,0,23
0022200929,37,PT08M48.00S,1,1610612754,IND,1630169,Haliburton,T. Haliburton,2,4,0,Made,1,7,10,17,v,Haliburton Cutting Dunk Shot (2 PTS) (Nembhard 3 AST),Made Shot,Cutting Dunk Shot,1,2,24
0022200929,39,PT08M35.00S,1,1610612754,IND,1630174,Nesmith,A. Nesmith,0,0,0,,0,,,0,v,Nesmith S.FOUL (P1.T2) (T.Ford),Foul,Shooting,1,0,25
0022200929,41,PT08M35.00S,1,1610612742,DAL,1629029,Dončić,L. Dončić,0,0,0,,0,8,10,18,h,Doncic Free Throw 1 of 2 (3 PTS),Free Throw,Free Throw 1 of 2,1,0,26
0022200929,42,PT08M35.00S,1,1610612742,DAL,1629029,Dončić,L. Dončić,0,0,0,,0,9,10,19,h,Doncic Free Throw 2 of 2 (4 PTS),Free Throw,Free Throw 2 of 2,1,0,27
0022200929,43,PT08M25.00S,1,1610612754,IND,1630174,Nesmith,A. Nesmith,233,80,25,Made,1,9,13,22,v,Nesmith 25' 3PT Jump Shot (3 PTS) (Haliburton 1 AST),Made Shot,Jump Shot,1,3,28
0022200929,45,PT08M04.00S,1,1610612742,DAL,203939,Powell,D. Powell,-2,15,2,Missed,1,,,0,h,MISS Powell 2' Layup,Missed Shot,Layup Shot,1,2,29
0022200929,46,PT08M01.00S,1,1610612742,DAL,203939,Powell,D. Powell,0,0,0,,0,,,0,h,Powell REBOUND (Off:1 Def:0),Rebound,Unknown,1,0,30
0022200929,47,PT08M00.00S,1,1610612742,DAL,203939,Powell,D. Powell,-6,18,2,Missed,1,,,0,h,MISS Powell 2' Putback Layup,Missed Shot,Putback Layup Shot,1,2,31
0022200929,47,PT08M00.00S,1,1610612754,IND,1626167,Turner,M. Turner,0,0,0,,0,,,0,v,Turner BLOCK (1 BLK),,,1,2,32
0022200929,49,PT07M59.00S,1,1610612754,IND,1626167,Turner,M. Turner,0,0,0,,0,,,0,v,Turner REBOUND (Off:0 Def:1),Rebound,Unknown,1,0,33
0022200929,50,PT07M53.00S,1,1610612754,IND,1629614,Nembhard,A. Nembhard,225,-4,0,Missed,1,,,0,v,MISS Nembhard 3PT Running Jump Shot,Missed Shot,Running Jump Shot,1,3,34
0022200929,51,PT07M51.00S,1,0,,1610612742,,,0,0,0,,0,,,0,h,MAVERICKS Rebound,Rebound,Unknown,0,0,35
0022200929,53,PT07M37.00S,1,1610612742,DAL,203493,Bullock Jr.,R. Bullock Jr.,232,26,0,Missed,1,,,0,h,MISS Bullock 3PT Jump Shot,Missed Shot,Jump Shot,1,3,36
0022200929,54,PT07M34.00S,1,1610612742,DAL,203939,Powell,D. Powell,0,0,0,,0,,,0,h,Powell REBOUND (Off:2 Def:0),Rebound,Unknown,1,0,37
0022200929,55,PT07M30.00S,1,1610612742,DAL,202681,Irving,K. Irving,42,78,9,Made,1,11,13,24,h,Irving 9' Driving Floating Jump Shot (4 PTS) (Powell 2 AST),Made Shot,Driving Floating Jump Shot,1,2,38
0022200929,57,PT07M20.00S,1,1610612754,IND,1630169,Haliburton,T. Haliburton,-31,248,25,Missed,1,,,0,v,MISS Haliburton 25' 3PT Step Back Jump Shot,Missed Shot,Step Back Jump shot,1,3,39
0022200929,58,PT07M18.00S,1,1610612742,DAL,203200,Holiday,J. Holiday,0,0,0,,0,,,0,h,Holiday REBOUND (Off:0 Def:1),Rebound,Unknown,1,0,40
0022200929,59,PT07M11.00S,1,1610612742,DAL,1629029,Dončić,L. Dončić,-11,267,27,Made,1,14,13,27,h,Doncic 27' 3PT Step Back Jump Shot (7 PTS) (Holiday 1 AST),Made Shot,Step Back Jump shot,1,3,41
0022200929,61,PT06M56.00S,1,1610612754,IND,1627741,Hield,B. Hield,0,0,0,,0,,,0,v,Hield Bad Pass Turnover (P1.T2),Turnover,Bad Pass,1,0,42
0022200929,61,PT06M56.00S,1,1610612742,DAL,203200,Holiday,J. Holiday,0,0,0,,0,,,0,h,Holiday STEAL (1 STL),,,1,0,43
0022200929,63,PT06M53.00S,1,1610612754,IND,1627741,Hield,B. Hield,0,0,0,,0,,,0,v,Hield S.FOUL (P1.T3) (A.Nagy),Foul,Shooting,1,0,44
0022200929,65,PT06M53.00S,1,0,,1610612742,,,0,0,0,,0,,,0,h,MAVERICKS Timeout: Regular (Full 1 Short 0),Timeout,Regular,0,0,45
0022200929,66,PT06M53.00S,1,1610612742,DAL,203939,Powell,D. Powell,0,0,0,,0,,,0,h,SUB: Kleber FOR Powell,Substitution,,0,0,46
0022200929,67,PT06M53.00S,1,1610612754,IND,1630174,Nesmith,A. Nesmith,0,0,0,,0,,,0,v,SUB: Nwora FOR Nesmith,Substitution,,0,0,47
0022200929,70,PT06M53.00S,1,1610612742,DAL,203200,Holiday,J. Holiday,0,0,0,,0,,,0,h,MISS Holiday Free Throw 1 of 2,Free Throw,Free Throw 1 of 2,1,0,48
0022200929,71,PT06M53.00S,1,0,,1610612742,,,0,0,0,,0,,,0,h,MAVERICKS Rebound,Rebound,Normal Rebound,0,0,49
0022200929,72,PT06M53.00S,1,1610612742,DAL,203200,Holiday,J. Holiday,0,0,0,,0,,,0,h,MISS Holiday Free Throw 2 of 2,Free Throw,Free Throw 2 of 2,1,0,50
0022200929,73,PT06M51.00S,1,1610612754,IND,1626167,Turner,M. Turner,0,0,0,,0,,,0,v,Turner REBOUND (Off:0 Def:2),Rebound,Unknown,1,0,51
0022200929,74,PT06M28.00S,1,1610612754,IND,1630169,Haliburton,T. Haliburton,65,51,8,Missed,1,,,0,v,MISS Haliburton 8' Driving Floating Bank Jump Shot,Missed Shot,Driving Floating Bank Jump Shot,1,2,52
0022200929,75,PT06M26.00S,1,1610612742,DAL,202681,Irving,K. Irving,0,0,0,,0,,,0,h,Irving REBOUND (Off:0 Def:1),Rebound,Unknown,1,0,53
0022200929,76,PT06M13.00S,1,1610612742,DAL,1629029,Dončić,L. Dončić,-22,25,3,Made,1,16,13,29,h,Doncic 3' Driving Layup (9 PTS),Made Shot,Driving Layup Shot,1,2,54
0022200929,77,PT06M06.00S,1,1610612754,IND,1629670,Nwora,J. Nwora,13,-12,2,Missed,1,,,0,v,MISS Nwora 2' Driving Finger Roll Layup,Missed Shot,Driving Finger Roll Layup Shot,1,2,55
0022200929,78,PT06M06.00S,1,1610612742,DAL,203200,Holiday,J. Holiday,0,0,0,,0,,,0,h,Holiday REBOUND (Off:0 Def:2),Rebound,Unknown,1,0,56
0022200929,79,PT05M58.00S,1,1610612754,IND,1626167,Turner,M. Turner,0,0,0,,0,,,0,v,Turner S.FOUL (P2.T4) (T.Ford),Foul,Shooting,1,0,57
0022200929,81,PT05M58.00S,1,1610612742,DAL,1628467,Kleber,M. Kleber,0,0,0,,0,,,0,h,MISS Kleber Free Throw 1 of 2,Free Throw,Free Throw 1 of 2,1,0,58
0022200929,82,PT05M58.00S,1,0,,1610612742,,,0,0,0,,0,,,0,h,MAVERICKS Rebound,Rebound,Normal Rebound,0,0,59
0022200929,83,PT05M58.00S,1,1610612742,DAL,203200,Holiday,J. Holiday,0,0,0,,0,,,0,h,SUB: Hardaway Jr. FOR Holiday,Substitution,,0,0,60
0022200929,84,PT05M58.00S,1,1610612754,IND,1629614,Nembhard,A. Nembhard,0,0,0,,0,,,0,v,SUB: Smith FOR Nembhard,Substitution,,0,0,61
0022200929,85,PT05M58.00S,1,1610612754,IND,1626167,Turner,M. Turner,0,0,0,,0,,,0,v,SUB: Mathurin FOR Turner,Substitution,,0,0,62
0022200929,89,PT05M58.00S,1,1610612742,DAL,1628467,Kleber,M. Kleber,0,0,0,,0,,,0,h,MISS Kleber Free Throw 2 of 2,Free Throw,Free Throw 2 of 2,1,0,63
0022200929,90,PT05M56.00S,1,1610612754,IND,1630188,Smith,J. Smith,0,0,0,,0,,,0,v,Smith REBOUND (Off:0 Def:1),Rebound,Unknown,1,0,64
0022200929,91,PT05M47.00S,1,1610612742,DAL,203501,Hardaway Jr.,T. Hardaway Jr.,0,0,0,,0,,,0,h,Hardaway Jr. S.FOUL (P1.T2) (A.Nagy),Foul,Shooting,1,0,65
0022200929,93,PT05M47.00S,1,1610612754,IND,1627741,Hield,B. Hield,0,0,0,,0,16,14,30,v,Hield Free Throw 1 of 3 (1 PTS),Free Throw,Free Throw 1 of 3,1,0,66
0022200929,94,PT05M47.00S,1,1610612754,IND,1627741,Hield,B. Hield,0,0,0,,0,16,15,31,v,Hield Free Throw 2 of 3 (2 PTS),Free Throw,Free Throw 2 of 3,1,0,67
0022200929,95,PT05M47.00S,1,1610612754,IND,1627741,Hield,B. Hield,0,0,0,,0,16,16,32,v,Hield Free Throw 3 of 3 (3 PTS),Free Throw,Free Throw 3 of 3,1,0,68
0022200929,96,PT05M26.00S,1,1610612742,DAL,1628467,Kleber,M. Kleber,-6,12,1,Made,1,18,16,34,h,Kleber 1' Driving Dunk (2 PTS) (Bullock 1 AST),Made Shot,Driving Dunk Shot,1,2,69
0022200929,98,PT05M13.00S,1,1610612742,DAL,203493,Bullock Jr.,R. Bullock Jr.,0,0,0,,0,,,0,h,Bullock P.FOUL (P1.T3) (M.Smith),Foul,Personal,1,0,70
0022200929,100,PT05M04.00S,1,1610612754,IND,1630169,Haliburton,T. Haliburton,-64,260,27,Missed,1,,,0,v,MISS Haliburton 27' 3PT Pullup Jump Shot,Missed Shot,Pullup Jump shot,1,3,71
0022200929,101,PT05M02.00S,1,1610612742,DAL,1629029,Dončić,L. Dončić,0,0,0,,0,,,0,h,Doncic REBOUND (Off:0 Def:1),Rebound,Unknown,1,0,72
0022200929,102,PT04M52.00S,1,1610612742,DAL,1629029,Dončić,L. Dončić,-5,17,2,Made,1,20,16,36,h,Doncic 2' Driving Finger Roll Layup (11 PTS),Made Shot,Driving Finger Roll Layup Shot,1,2,73
0022200929,103,PT04M42.00S,1,1610612742,DAL,1629029,Dončić,L. Dončić,0,0,0,,0,,,0,h,Doncic S.FOUL (P1.T4) (A.Nagy),Foul,Shooting,1,0,74
0022200929,105,PT04M42.00S,1,1610612754,IND,1630169,Haliburton,T. Haliburton,0,0,0,,0,20,17,37,v,Haliburton Free Throw 1 of 2 (3 PTS),Free Throw,Free Throw 1 of 2,1,0,75
0022200929,106,PT04M42.00S,1,1610612742,DAL,202681,Irving,K. Irving,0,0,0,,0,,,0,h,SUB: Green FOR Irving,Substitution,,0,0,76
0022200929,108,PT04M42.00S,1,1610612754,IND,1630169,Haliburton,T. Haliburton,0,0,0,,0,20,18,38,v,Haliburton Free Throw 2 of 2 (4 PTS),Free Throw,Free Throw 2 of 2,1,0,77
0022200929,109,PT04M26.00S,1,1610612742,DAL,1629029,Dončić,L. Dončić,-123,8,12,Missed,1,,,0,h,MISS Doncic 12' Fadeaway Jumper,Missed Shot,Fadeaway Jump Shot,1,2,78
0022200929,110,PT04M23.00S,1,1610612754,IND,1629670,Nwora,J. Nwora,0,0,0,,0,,,0,v,Nwora REBOUND (Off:0 Def:1),Rebound,Unknown,1,0,79
0022200929,111,PT04M20.00S,1,1610612754,IND,1629670,Nwora,J. Nwora,99,231,25,Missed,1,,,0,v,MISS Nwora 25' 3PT Running Pull-Up Jump Shot,Missed Shot,Running Pull-Up Jump Shot,1,3,80
0022200929,112,PT04M17.00S,1,1610612742,DAL,1630182,Green,J. Green,0,0,0,,0,,,0,h,Green REBOUND (Off:0 Def:1),Rebound,Unknown,1,0,81
0022200929,113,PT04M10.00S,1,1610612754,IND,1630188,Smith,J. Smith,0,0,0,,0,,,0,v,Smith S.FOUL (P1.PN) (M.Smith),Foul,Shooting,1,0,82
0022200929,115,PT04M10.00S,1,1610612742,DAL,203501,Hardaway Jr.,T. Hardaway Jr.,0,0,0,,0,21,18,39,h,Hardaway Jr. Free Throw 1 of 2 (1 PTS),Free Throw,Free Throw 1 of 2,1,0,83
0022200929,116,PT04M10.00S,1,1610612742,DAL,203501,Hardaway Jr.,T. Hardaway Jr.,0,0,0,,0,22,18,40,h,Hardaway Jr. Free Throw 2 of 2 (2 PTS),Free Throw,Free Throw 2 of 2,1,0,84
0022200929,117,PT04M03.00S,1,1610612742,DAL,1629029,Dončić,L. Dončić,0,0,0,,0,,,0,h,Doncic S.FOUL (P2.PN) (M.Smith),Foul,Shooting,1,0,85
0022200929,119,PT04M03.00S,1,1610612754,IND,1627741,Hield,B. Hield,0,0,0,,0,,,0,v,MISS Hield Free Throw 1 of 3,Free Throw,Free Throw 1 of 3,1,0,86
0022200929,120,PT04M03.00S,1,0,,1610612754,,,0,0,0,,0,,,0,v,Pacers Rebound,Rebound,Normal Rebound,0,0,87
0022200929,121,PT04M03.00S,1,1610612754,IND,1627741,Hield,B. Hield,0,0,0,,0,22,19,41,v,Hield Free Throw 2 of 3 (4 PTS),Free Throw,Free Throw 2 of 3,1,0,88
0022200929,122,PT04M03.00S,1,1610612754,IND,1627741,Hield,B. Hield,0,0,0,,0,22,20,42,v,Hield Free Throw 3 of 3 (5 PTS),Free Throw,Free Throw 3 of 3,1,0,89
0022200929,123,PT03M52.00S,1,1610612742,DAL,1629029,Dončić,L. Dončić,82,70,11,Made,1,24,20,44,h,Doncic 11' Driving Floating Jump Shot (13 PTS) (Kleber 1 AST),Made Shot,Driving Floating Jump Shot,1,2,90
0022200929,125,PT03M44.00S,1,1610612754,IND,1630188,Smith,J. Smith,0,0,0,,0,,,0,v,Smith Traveling Turnover (P1.T3),Turnover,Traveling,1,0,91
0022200929,127,PT03M29.00S,1,1610612742,DAL,1628467,Kleber,M. Kleber,18,8,2,Made,1,26,20,46,h,Kleber 2' Alley Oop Layup (4 PTS) (Doncic 1 AST),Made Shot,Alley Oop Layup shot,1,2,92
0022200929,129,PT03M09.00S,1,1610612754,IND,1630169,Haliburton,T. Haliburton,91,266,28,Missed,1,,,0,v,MISS Haliburton 28' 3PT Step Back Jump Shot,Missed Shot,Step Back Jump shot,1,3,93
0022200929,130,PT03M06.00S,1,1610612742,DAL,1630182,Green,J. Green,0,0,0,,0,,,0,h,Green REBOUND (Off:0 Def:2),Rebound,Unknown,1,0,94
0022200929,131,PT02M58.00S,1,1610612754,IND,1631097,Mathurin,B. Mathurin,0,0,0,,0,,,0,v,Mathurin S.FOUL (P1.PN) (T.Ford),Foul,Shooting,1,0,95
0022200929,133,PT02M58.00S,1,0,,1610612754,,,0,0,0,,0,,,0,v,Pacers Timeout: Regular (Reg.1 Short 0),Timeout,Regular,0,0,96
0022200929,134,PT02M58.00S,1,1610612742,DAL,1629029,Dončić,L. Dončić,0,0,0,,0,27,20,47,h,Doncic Free Throw 1 of 2 (14 PTS),Free Throw,Free Throw 1 of 2,1,0,97
0022200929,135,PT02M58.00S,1,1610612742,DAL,1629029,Dončić,L. Dončić,0,0,0,,0,,,0,h,MISS Doncic Free Throw 2 of 2,Free Throw,Free Throw 2 of 2,1,0,98
0022200929,136,PT02M56.00S,1,1610612754,IND,1630188,Smith,J. Smith,0,0,0,,0,,,0,v,Smith REBOUND (Off:0 Def:2),Rebound,Unknown,1,0,99
0022200929,137,PT02M49.00S,1,1610612754,IND,1631097,Mathurin,B. Mathurin,154,222,27,Missed,1,,,0,v,MISS Mathurin 27' 3PT Jump Shot,Missed Shot,Jump Shot,1,3,100
0022200929,138,PT02M45.00S,1,1610612754,IND,1627741,Hield,B. Hield,0,0,0,,0,,,0,v,Hield REBOUND (Off:1 Def:0),Rebound,Unknown,1,0,101
0022200929,139,PT02M43.00S,1,1610612754,IND,1629670,Nwora,J. Nwora,-229,-6,0,Made,1,27,23,50,v,Nwora 3PT Jump Shot (3 PTS) (Hield 2 AST),Made Shot,Jump Shot,1,3,102
0022200929,141,PT02M13.00S,1,1610612742,DAL,203493,Bullock Jr.,R. Bullock Jr.,-2,11,1,Made,1,29,23,52,h,Bullock 1' Driving Layup (2 PTS) (Green 1 AST),Made Shot,Driving Layup Shot,1,2,103
0022200929,142,PT02M03.00S,1,1610612754,IND,1629670,Nwora,J. Nwora,235,13,24,Made,1,29,26,55,v,Nwora 24' 3PT Step Back Jump Shot (6 PTS),Made Shot,Step Back Jump shot,1,3,104
0022200929,143,PT01M52.00S,1,1610612742,DAL,1629029,Dončić,L. Dončić,26,251,25,Missed,1,,,0,h,MISS Doncic 25' 3PT Step Back Jump Shot,Missed Shot,Step Back Jump shot,1,3,105
0022200929,144,PT01M50.00S,1,1610612742,DAL,203493,Bullock Jr.,R. Bullock Jr.,0,0,0,,0,,,0,h,Bullock REBOUND (Off:1 Def:0),Rebound,Unknown,1,0,106
0022200929,145,PT01M46.00S,1,1610612742,DAL,1630182,Green,J. Green,34,-1,3,Missed,1,,,0,h,MISS Green 3' Driving Reverse Layup,Missed Shot,Driving Reverse Layup Shot,1,2,107
0022200929,146,PT01M44.00S,1,1610612754,IND,1627741,Hield,B. Hield,0,0,0,,0,,,0,v,Hield REBOUND (Off:1 Def:1),Rebound,Unknown,1,0,108
0022200929,147,PT01M39.00S,1,1610612742,DAL,1628467,Kleber,M. Kleber,0,0,0,,0,,,0,h,Kleber S.FOUL (P1.PN) (T.Ford),Foul,Shooting,1,0,109
0022200929,149,PT01M39.00S,1,1610612754,IND,1630169,Haliburton,T. Haliburton,0,0,0,,0,,,0,v,MISS Haliburton Free Throw 1 of 2,Free Throw,Free Throw 1 of 2,0,0,110
0022200929,150,PT01M39.00S,1,0,,1610612754,,,0,0,0,,0,,,0,v,Pacers Rebound,Rebound,Normal Rebound,0,0,111
0022200929,151,PT01M39.00S,1,1610612742,DAL,203493,Bullock Jr.,R. Bullock Jr.,0,0,0,,0,,,0,h,SUB: Wood FOR Bullock,Substitution,,0,0,112
0022200929,152,PT01M39.00S,1,1610612754,IND,1627741,Hield,B. Hield,0,0,0,,0,,,0,v,SUB: McConnell FOR Hield,Substitution,,0,0,113
0022200929,155,PT01M39.00S,1,1610612754,IND,1630169,Haliburton,T. Haliburton,0,0,0,,0,29,27,56,v,Haliburton Free Throw 2 of 2 (5 PTS),Free Throw,Free Throw 2 of 2,1,0,114
0022200929,157,PT01M27.00S,1,1610612742,DAL,1629029,Dončić,L. Dončić,28,29,4,Made,1,31,27,58,h,Doncic 4' Layup (16 PTS),Made Shot,Layup Shot,1,2,115
0022200929,159,PT01M03.00S,1,1610612754,IND,1631097,Mathurin,B. Mathurin,0,146,15,Missed,1,,,0,v,MISS Mathurin 15' Driving Floating Jump Shot,Missed Shot,Driving Floating Jump Shot,1,2,116
0022200929,160,PT01M01.00S,1,1610612742,DAL,1629029,Dončić,L. Dončić,0,0,0,,0,,,0,h,Doncic REBOUND (Off:0 Def:2),Rebound,Unknown,1,0,117
0022200929,161,PT00M55.10S,1,1610612742,DAL,203501,Hardaway Jr.,T. Hardaway Jr.,-230,18,0,Missed,1,,,0,h,MISS Hardaway Jr. 3PT Jump Shot,Missed Shot,Jump Shot,1,3,118
0022200929,162,PT00M51.10S,1,1610612754,IND,204456,McConnell,T. McConnell,0,0,0,,0,,,0,v,McConnell REBOUND (Off:0 Def:1),Rebound,Unknown,1,0,119
0022200929,163,PT00M30.30S,1,1610612754,IND,204456,McConnell,T. McConnell,-23,34,4,Missed,1,,,0,v,MISS McConnell 4' Layup,Missed Shot,Layup Shot,1,2,120
0022200929,164,PT00M27.10S,1,1610612754,IND,1630188,Smith,J. Smith,0,0,0,,0,,,0,v,Smith REBOUND (Off:1 Def:2),Rebound,Unknown,1,0,121
0022200929,165,PT00M25.50S,1,1610612754,IND,1630188,Smith,J. Smith,96,156,18,Made,1,31,29,60,v,Smith 18' Pullup Jump Shot (2 PTS),Made Shot,Pullup Jump shot,1,2,122
0022200929,166,PT00M04.10S,1,1610612742,DAL,1629029,Dončić,L. Dončić,5,4,1,Made,1,33,29,62,h,Doncic 1' Driving Layup (18 PTS),Made Shot,Driving Layup Shot,1,2,123
0022200929,168,PT00M00.20S,1,1610612754,IND,1630169,Haliburton,T. Haliburton,-2,-1,0,Made,1,33,31,64,v,Haliburton Driving Layup (7 PTS),Made Shot,Driving Layup Shot,1,2,124
0022200929,211,PT00M00.20S,1,1610612742,DAL,1629029,Dončić,L. Dončić,-4,672,67,Missed,1,,,0,h,MISS Doncic 67' 3PT Pullup Jump Shot,Missed Shot,Pullup Jump shot,1,3,125
0022200929,212,PT00M00.20S,1,0,,1610612742,,,0,0,0,,0,,,0,h,MAVERICKS Rebound,Rebound,Unknown,0,0,126
0022200929,169,PT00M00.00S,1,0,,0,,,0,0,0,,0,33,31,64,,End of 1st Period (9:10 PM EST),period,end,1,0,127
0022200929,176,PT12M00.00S,2,0,,0,,,0,0,0,,0,33,31,64,,Start of 2nd Period (9:13 PM EST),period,start,0,0,128
0022200929,177,PT11M50.00S,2,1610612754,IND,204456,McConnell,T. McConnell,-6,8,1,Made,1,33,33,66,v,McConnell 1' Driving Reverse Layup (2 PTS) (Mathurin 1 AST),Made Shot,Driving Reverse Layup Shot,1,2,129
0022200929,179,PT11M34.00S,2,1610612742,DAL,202681,Irving,K. Irving,-9,62,6,Missed,1,,,0,h,MISS Irving 6' Turnaround Fadeaway Shot,Missed Shot,Turnaround Fadeaway shot,1,2,130
0022200929,180,PT11M32.00S,2,1610612754,IND,1630188,Smith,J. Smith,0,0,0,,0,,,0,v,Smith REBOUND (Off:1 Def:3),Rebound,Unknown,1,0,131
0022200929,181,PT11M26.00S,2,1610612754,IND,1630188,Smith,J. Smith,6,251,25,Made,1,33,36,69,v,Smith 25' 3PT Running Jump Shot (5 PTS) (McConnell 1 AST),Made Shot,Running Jump Shot,1,3,132
0022200929,183,PT11M09.00S,2,1610612742,DAL,1626174,Wood,C. Wood,192,162,25,Missed,1,,,0,h,MISS Wood 25' 3PT Jump Shot,Missed Shot,Jump Shot,1,3,133
0022200929,184,PT11M06.00S,2,1610612754,IND,1629670,Nwora,J. Nwora,0,0,0,,0,,,0,v,Nwora REBOUND (Off:0 Def:2),Rebound,Unknown,1,0,134
0022200929,185,PT11M01.00S,2,1610612754,IND,204456,McConnell,T. McConnell,65,13,7,Missed,1,,,0,v,MISS McConnell 7' Running Finger Roll Layup,Missed Shot,Running Finger Roll Layup Shot,1,2,135
0022200929,187,PT11M01.00S,2,0,,1610612754,,,0,0,0,,0,,,0,v,Pacers Rebound,Rebound,Unknown,0,0,136
0022200929,188,PT11M01.00S,2,1610612742,DAL,202693,Morris,M. Morris,0,0,0,,0,,,0,h,Morris L.B.FOUL (P1.T1) (M.Smith),Foul,Loose Ball,1,0,137
0022200929,190,PT10M54.00S,2,1610612742,DAL,1626174,Wood,C. Wood,0,0,0,,0,,,0,h,Wood S.FOUL (P1.T2) (T.Ford),Foul,Shooting,1,0,138
0022200929,192,PT10M54.00S,2,1610612754,IND,1631097,Mathurin,B. Mathurin,0,0,0,,0,33,37,70,v,Mathurin Free Throw 1 of 2 (1 PTS),Free Throw,Free Throw 1 of 2,1,0,139
0022200929,193,PT10M54.00S,2,1610612754,IND,1631097,Mathurin,B. Mathurin,0,0,0,,0,33,38,71,v,Mathurin Free Throw 2 of 2 (2 PTS),Free Throw,Free Throw 2 of 2,1,0,140
0022200929,194,PT10M36.00S,2,1610612742,DAL,202693,Morris,M. Morris,228,99,25,Missed,1,,,0,h,MISS Morris 25' 3PT Jump Shot,Missed Shot,Jump Shot,1,3,141
0022200929,195,PT10M33.00S,2,1610612754,IND,1630188,Smith,J. Smith,0,0,0,,0,,,0,v,Smith REBOUND (Off:1 Def:4),Rebound,Unknown,1,0,142
0022200929,196,PT10M18.00S,2,1610612742,DAL,202693,Morris,M. Morris,0,0,0,,0,,,0,h,Morris S.FOUL (P2.T3) (A.Nagy),Foul,Shooting,1,0,143
0022200929,198,PT10M18.00S,2,1610612754,IND,1630188,Smith,J. Smith,0,0,0,,0,33,39,72,v,Smith Free Throw 1 of 2 (6 PTS),Free Throw,Free Throw 1 of 2,1,0,144
0022200929,199,PT10M18.00S,2,1610612754,IND,1630188,Smith,J. Smith,0,0,0,,0,33,40,73,v,Smith Free Throw 2 of 2 (7 PTS),Free Throw,Free Throw 2 of 2,1,0,145
0022200929,200,PT09M59.00S,2,1610612742,DAL,1626174,Wood,C. Wood,-64,59,9,Missed,1,,,0,h,MISS Wood 9' Driving Floating Jump Shot,Missed Shot,Driving Floating Jump Shot,1,2,146
0022200929,201,PT09M57.00S,2,1610612754,IND,1630188,Smith,J. Smith,0,0,0,,0,,,0,v,Smith REBOUND (Off:1 Def:5),Rebound,Unknown,1,0,147
0022200929,202,PT09M50.00S,2,1610612754,IND,1631097,Mathurin,B. Mathurin,0,0,0,,0,,,0,v,Mathurin Lost Ball Turnover (P1.T4),Turnover,Lost Ball,1,0,148
0022200929,202,PT09M50.00S,2,1610612742,DAL,202681,Irving,K. Irving,0,0,0,,0,,,0,h,Irving STEAL (1 STL),,,1,0,149
0022200929,204,PT09M45.00S,2,1610612742,DAL,1630182,Green,J. Green,4,11,1,Made,1,35,40,75,h,Green 1' Running Layup (2 PTS) (Morris 1 AST),Made Shot,Running Layup Shot,1,2,150
0022200929,206,PT09M36.00S,2,1610612754,IND,1630537,Duarte,C. Duarte,227,8,0,Missed,1,,,0,v,MISS Duarte 3PT Step Back Bank Jump Shot,Missed Shot,Step Back Bank Jump Shot,1,3,151
0022200929,207,PT09M36.00S,2,1610612742,DAL,1626174,Wood,C. Wood,0,0,0,,0,,,0,h,Wood REBOUND (Off:0 Def:1),Rebound,Unknown,1,0,152
0022200929,208,PT09M23.00S,2,1610612742,DAL,1626174,Wood,C. Wood,7,17,2,Made,1,37,40,77,h,Wood 2' Dunk (2 PTS) (Irving 3 AST),Made Shot,Dunk Shot,1,2,153
0022200929,210,PT09M22.00S,2,0,,1610612754,,,0,0,0,,0,,,0,v,Pacers Timeout: Regular (Reg.2 Short 0),Timeout,Regular,0,0,154
0022200929,213,PT08M59.00S,2,1610612754,IND,204456,McConnell,T. McConnell,54,82,10,Made,1,37,42,79,v,McConnell 10' Turnaround Fadeaway (4 PTS),Made Shot,Turnaround Fadeaway shot,1,2,155
0022200929,214,PT08M39.00S,2,1610612742,DAL,202681,Irving,K. Irving,-230,59,24,Missed,1,,,0,h,MISS Irving 24' 3PT Jump Shot,Missed Shot,Jump Shot,1,3,156
0022200929,215,PT08M37.00S,2,1610612754,IND,1631097,Mathurin,B. Mathurin,0,0,0,,0,,,0,v,Mathurin REBOUND (Off:0 Def:1),Rebound,Unknown,1,0,157
0022200929,216,PT08M26.00S,2,1610612754,IND,1630188,Smith,J. Smith,45,110,12,Missed,1,,,0,v,MISS Smith 12' Turnaround Jump Shot,Missed Shot,Turnaround Jump Shot,1,2,158
0022200929,216,PT08M26.00S,2,1610612742,DAL,202681,Irving,K. Irving,0,0,0,,0,,,0,h,Irving BLOCK (1 BLK),,,1,2,159
0022200929,218,PT08M26.00S,2,0,,1610612742,,,0,0,0,,0,,,0,h,MAVERICKS Rebound,Rebound,Unknown,0,0,160
0022200929,220,PT08M07.00S,2,1610612742,DAL,1626174,Wood,C. Wood,7,13,1,Made,1,39,42,81,h,Wood 1' Driving Floating Bank Jump Shot (4 PTS),Made Shot,Driving Floating Bank Jump Shot,1,2,161
0022200929,221,PT07M53.00S,2,1610612754,IND,1630188,Smith,J. Smith,-9,-1,1,Made,1,39,44,83,v,Smith 1' Hook Shot (9 PTS) (Duarte 1 AST),Made Shot,Hook Shot,1,2,162
0022200929,223,PT07M37.00S,2,1610612754,IND,1629670,Nwora,J. Nwora,0,0,0,,0,,,0,v,Nwora S.FOUL (P1.T1) (T.Ford),Foul,Shooting,1,0,163
0022200929,225,PT07M37.00S,2,1610612742,DAL,203501,Hardaway Jr.,T. Hardaway Jr.,0,0,0,,0,40,44,84,h,Hardaway Jr. Free Throw 1 of 2 (3 PTS),Free Throw,Free Throw 1 of 2,1,0,164
0022200929,226,PT07M37.00S,2,1610612742,DAL,202693,Morris,M. Morris,0,0,0,,0,,,0,h,SUB: Holiday FOR Morris,Substitution,,0,0,165
0022200929,227,PT07M37.00S,2,1610612754,IND,1629670,Nwora,J. Nwora,0,0,0,,0,,,0,v,SUB: Turner FOR Nwora,Substitution,,0,0,166
0022200929,228,PT07M37.00S,2,1610612754,IND,1630188,Smith,J. Smith,0,0,0,,0,,,0,v,SUB: Nesmith FOR Smith,Substitution,,0,0,167
0022200929,232,PT07M37.00S,2,1610612742,DAL,203501,Hardaway Jr.,T. Hardaway Jr.,0,0,0,,0,41,44,85,h,Hardaway Jr. Free Throw 2 of 2 (4 PTS),Free Throw,Free Throw 2 of 2,1,0,168
0022200929,233,PT07M12.00S,2,1610612754,IND,1630537,Duarte,C. Duarte,-191,169,26,Missed,1,,,0,v,MISS Duarte 26' 3PT Jump Shot,Missed Shot,Jump Shot,1,3,169
0022200929,234,PT07M09.00S,2,1610612742,DAL,1630182,Green,J. Green,0,0,0,,0,,,0,h,Green REBOUND (Off:0 Def:3),Rebound,Unknown,1,0,170
0022200929,235,PT07M02.00S,2,1610612742,DAL,1626174,Wood,C. Wood,20,15,3,Missed,1,,,0,h,MISS Wood 3' Running Layup,Missed Shot,Running Layup Shot,1,2,171
0022200929,236,PT07M00.00S,2,1610612742,DAL,202681,Irving,K. Irving,0,0,0,,0,,,0,h,Irving REBOUND (Off:1 Def:1),Rebound,Unknown,1,0,172
0022200929,237,PT06M58.00S,2,1610612742,DAL,203501,Hardaway Jr.,T. Hardaway Jr.,-86,278,29,Made,1,44,44,88,h,Hardaway Jr. 29' 3PT Jump Shot (7 PTS) (Irving 4 AST),Made Shot,Jump Shot,1,3,173
0022200929,239,PT06M56.00S,2,0,,1610612754,,,0,0,0,,0,,,0,v,Pacers Timeout: Regular (Reg.3 Short 0),Timeout,Regular,0,0,174
0022200929,240,PT06M39.00S,2,1610612754,IND,1631097,Mathurin,B. Mathurin,31,6,3,Missed,1,,,0,v,MISS Mathurin 3' Driving Bank Hook Shot,Missed Shot,Driving Bank Hook Shot,1,2,175
0022200929,241,PT06M37.00S,2,1610612754,IND,1631097,Mathurin,B. Mathurin,0,0,0,,0,,,0,v,Mathurin REBOUND (Off:1 Def:1),Rebound,Unknown,1,0,176
0022200929,242,PT06M37.00S,2,1610612742,DAL,203501,Hardaway Jr.,T. Hardaway Jr.,0,0,0,,0,,,0,h,Hardaway Jr. S.FOUL (P2.T4) (T.Ford),Foul,Shooting,1,0,177
0022200929,244,PT06M37.00S,2,1610612754,IND,1631097,Mathurin,B. Mathurin,0,0,0,,0,44,45,89,v,Mathurin Free Throw 1 of 2 (3 PTS),Free Throw,Free Throw 1 of 2,1,0,178
0022200929,245,PT06M37.00S,2,1610612754,IND,1631097,Mathurin,B. Mathurin,0,0,0,,0,44,46,90,v,Mathurin Free Throw 2 of 2 (4 PTS),Free Throw,Free Throw 2 of 2,1,0,179
0022200929,247,PT06M18.00S,2,1610612742,DAL,202681,Irving,K. Irving,140,-3,14,Missed,1,,,0,h,MISS Irving 14' Step Back Jump Shot,Missed Shot,Step Back Jump shot,1,2,180
0022200929,248,PT06M15.00S,2,1610612754,IND,1631097,Mathurin,B. Mathurin,0,0,0,,0,,,0,v,Mathurin REBOUND (Off:1 Def:2),Rebound,Unknown,1,0,181
0022200929,249,PT06M10.00S,2,1610612754,IND,1631097,Mathurin,B. Mathurin,20,14,2,Missed,1,,,0,v,MISS Mathurin 2' Running Layup,Missed Shot,Running Layup Shot,1,2,182
0022200929,250,PT06M10.00S,2,1610612742,DAL,1626174,Wood,C. Wood,0,0,0,,0,,,0,h,Wood REBOUND (Off:0 Def:2),Rebound,Unknown,1,0,183
0022200929,251,PT06M01.00S,2,1610612742,DAL,203501,Hardaway Jr.,T. Hardaway Jr.,143,217,26,Made,1,47,46,93,h,Hardaway Jr. 26' 3PT Jump Shot (10 PTS) (Irving 5 AST),Made Shot,Jump Shot,1,3,184
0022200929,253,PT05M50.00S,2,1610612754,IND,1626167,Turner,M. Turner,-86,234,25,Missed,1,,,0,v,MISS Turner 25' 3PT Jump Shot,Missed Shot,Jump Shot,1,3,185
0022200929,254,PT05M48.00S,2,1610612742,DAL,203501,Hardaway Jr.,T. Hardaway Jr.,0,0,0,,0,,,0,h,Hardaway Jr. REBOUND (Off:0 Def:1),Rebound,Unknown,1,0,186
0022200929,255,PT05M43.00S,2,1610612742,DAL,1626174,Wood,C. Wood,146,211,26,Missed,1,,,0,h,MISS Wood 26' 3PT Running Jump Shot,Missed Shot,Running Jump Shot,1,3,187
0022200929,256,PT05M39.00S,2,1610612754,IND,204456,McConnell,T. McConnell,0,0,0,,0,,,0,v,McConnell REBOUND (Off:0 Def:2),Rebound,Unknown,1,0,188
0022200929,257,PT05M30.00S,2,1610612742,DAL,202681,Irving,K. Irving,0,0,0,,0,,,0,h,Irving P.FOUL (P2.PN) (A.Nagy),Foul,Personal,1,0,189
0022200929,259,PT05M30.00S,2,1610612754,IND,1630174,Nesmith,A. Nesmith,0,0,0,,0,47,47,94,v,Nesmith Free Throw 1 of 2 (4 PTS),Free Throw,Free Throw 1 of 2,1,0,190
0022200929,260,PT05M30.00S,2,1610612742,DAL,202681,Irving,K. Irving,0,0,0,,0,,,0,h,SUB: Bullock FOR Irving,Substitution,,0,0,191
0022200929,261,PT05M30.00S,2,1610612742,DAL,203501,Hardaway Jr.,T. Hardaway Jr.,0,0,0,,0,,,0,h,SUB: Doncic FOR Hardaway Jr.,Substitution,,0,0,192
0022200929,262,PT05M30.00S,2,1610612754,IND,1631097,Mathurin,B. Mathurin,0,0,0,,0,,,0,v,SUB: Haliburton FOR Mathurin,Substitution,,0,0,193
0022200929,263,PT05M30.00S,2,1610612754,IND,1630537,Duarte,C. Duarte,0,0,0,,0,,,0,v,SUB: Hield FOR Duarte,Substitution,,0,0,194
0022200929,264,PT05M30.00S,2,1610612754,IND,204456,McConnell,T. McConnell,0,0,0,,0,,,0,v,SUB: Nembhard FOR McConnell,Substitution,,0,0,195
0022200929,270,PT05M30.00S,2,1610612754,IND,1630174,Nesmith,A. Nesmith,0,0,0,,0,,,0,v,MISS Nesmith Free Throw 2 of 2,Free Throw,Free Throw 2 of 2,1,0,196
0022200929,271,PT05M28.00S,2,1610612742,DAL,1626174,Wood,C. Wood,0,0,0,,0,,,0,h,Wood REBOUND (Off:0 Def:3),Rebound,Unknown,1,0,197
0022200929,272,PT05M17.00S,2,1610612742,DAL,203200,Holiday,J. Holiday,0,0,0,,0,,,0,h,Holiday Out of Bounds - Bad Pass Turnover Turnover (P1.T2),Turnover,Out of Bounds - Bad Pass Turnover,1,0,198
0022200929,273,PT05M07.00S,2,1610612754,IND,1626167,Turner,M. Turner,25,105,11,Made,1,47,49,96,v,Turner 11' Floating Jump Shot (10 PTS) (Haliburton 2 AST),Made Shot,Floating Jump shot,1,2,199
0022200929,275,PT04M53.00S,2,1610612742,DAL,1629029,Dončić,L. Dončić,-29,14,3,Made,1,49,49,98,h,Doncic 3' Driving Floating Bank Jump Shot (20 PTS),Made Shot,Driving Floating Bank Jump Shot,1,2,200
0022200929,276,PT04M53.00S,2,1610612754,IND,1630174,Nesmith,A. Nesmith,0,0,0,,0,,,0,v,Nesmith S.FOUL (P2.T2) (T.Ford),Foul,Shooting,1,0,201
0022200929,278,PT04M53.00S,2,1610612742,DAL,1626174,Wood,C. Wood,0,0,0,,0,,,0,h,SUB: Powell FOR Wood,Substitution,,0,0,202
0022200929,280,PT04M53.00S,2,1610612742,DAL,1629029,Dončić,L. Dončić,0,0,0,,0,,,0,h,MISS Doncic Free Throw 1 of 1,Free Throw,Free Throw 1 of 1,1,0,203
0022200929,281,PT04M51.00S,2,1610612754,IND,1626167,Turner,M. Turner,0,0,0,,0,,,0,v,Turner REBOUND (Off:0 Def:3),Rebound,Unknown,0,0,204
0022200929,282,PT04M45.00S,2,1610612742,DAL,203493,Bullock Jr.,R. Bullock Jr.,0,0,0,,0,,,0,h,Bullock P.FOUL (P2.PN) (M.Smith),Foul,Personal,1,0,205
0022200929,284,PT04M45.00S,2,1610612754,IND,1627741,Hield,B. Hield,0,0,0,,0,49,50,99,v,Hield Free Throw 1 of 2 (6 PTS),Free Throw,Free Throw 1 of 2,1,0,206
0022200929,285,PT04M45.00S,2,1610612754,IND,1627741,Hield,B. Hield,0,0,0,,0,49,51,100,v,Hield Free Throw 2 of 2 (7 PTS),Free Throw,Free Throw 2 of 2,1,0,207
0022200929,286,PT04M31.00S,2,1610612742,DAL,1630182,Green,J. Green,42,2,4,Made,1,51,51,102,h,Green 4' Driving Floating Bank Jump Shot (4 PTS) (Powell 3 AST),Made Shot,Driving Floating Bank Jump Shot,1,2,208
0022200929,288,PT04M16.00S,2,1610612742,DAL,203939,Powell,D. Powell,0,0,0,,0,,,0,h,Powell P.FOUL (P1.PN) (M.Smith),Foul,Personal,1,0,209
0022200929,290,PT04M16.00S,2,1610612754,IND,1630169,Haliburton,T. Haliburton,0,0,0,,0,,,0,v,MISS Haliburton Free Throw 1 of 2,Free Throw,Free Throw 1 of 2,1,0,210
0022200929,291,PT04M16.00S,2,0,,1610612754,,,0,0,0,,0,,,0,v,Pacers Rebound,Rebound,Normal Rebound,0,0,211
0022200929,292,PT04M16.00S,2,1610612742,DAL,203200,Holiday,J. Holiday,0,0,0,,0,,,0,h,SUB: Hardaway Jr. FOR Holiday,Substitution,,0,0,212
0022200929,294,PT04M16.00S,2,1610612754,IND,1630169,Haliburton,T. Haliburton,0,0,0,,0,51,52,103,v,Haliburton Free Throw 2 of 2 (8 PTS),Free Throw,Free Throw 2 of 2,1,0,213
0022200929,295,PT04M01.00S,2,1610612742,DAL,1629029,Dončić,L. Dončić,9,260,26,Missed,1,,,0,h,MISS Doncic 26' 3PT Step Back Jump Shot,Missed Shot,Step Back Jump shot,1,3,214
0022200929,296,PT03M55.00S,2,1610612754,IND,1626167,Turner,M. Turner,0,0,0,,0,,,0,v,Turner REBOUND (Off:0 Def:4),Rebound,Unknown,1,0,215
0022200929,297,PT03M54.00S,2,1610612754,IND,1630174,Nesmith,A. Nesmith,0,10,1,Made,1,51,54,105,v,Nesmith 1' Running Layup (6 PTS),Made Shot,Running Layup Shot,1,2,216
0022200929,299,PT03M54.00S,2,1610612742,DAL,203501,Hardaway Jr.,T. Hardaway Jr.,0,0,0,,0,,,0,h,Hardaway Jr. S.FOUL (P3.PN) (T.Ford),Foul,Shooting,1,0,217
0022200929,301,PT03M54.00S,2,1610612754,IND,1630174,Nesmith,A. Nesmith,0,0,0,,0,51,55,106,v,Nesmith Free Throw 1 of 1 (7 PTS),Free Throw,Free Throw 1 of 1,1,0,218
0022200929,302,PT03M39.00S,2,1610612742,DAL,1629029,Dončić,L. Dončić,20,18,3,Missed,1,,,0,h,MISS Doncic 3' Driving Layup,Missed Shot,Driving Layup Shot,1,2,219
0022200929,302,PT03M39.00S,2,1610612754,IND,1626167,Turner,M. Turner,0,0,0,,0,,,0,v,Turner BLOCK (2 BLK),,,1,2,220
0022200929,304,PT03M36.00S,2,1610612754,IND,1626167,Turner,M. Turner,0,0,0,,0,,,0,v,Turner REBOUND (Off:0 Def:5),Rebound,Unknown,1,0,221
0022200929,305,PT03M32.00S,2,1610612754,IND,1630174,Nesmith,A. Nesmith,74,242,25,Made,1,51,58,109,v,Nesmith 25' 3PT Running Jump Shot (10 PTS) (Nembhard 4 AST),Made Shot,Running Jump Shot,1,3,222
0022200929,307,PT03M30.00S,2,0,,1610612742,,,0,0,0,,0,,,0,h,MAVERICKS Timeout: Regular (Full 2 Short 0),Timeout,Regular,0,0,223
0022200929,308,PT03M30.00S,2,1610612742,DAL,1629029,Dončić,L. Dončić,0,0,0,,0,,,0,h,Doncic T.FOUL (P2.PN) (A.Nagy),Foul,Technical,1,0,224
0022200929,309,PT03M30.00S,2,1610612742,DAL,1630182,Green,J. Green,0,0,0,,0,,,0,h,SUB: Irving FOR Green,Substitution,,0,0,225
0022200929,311,PT03M30.00S,2,1610612754,IND,1627741,Hield,B. Hield,0,0,0,,0,,,0,v,MISS Hield Free Throw Technical,Free Throw,Free Throw Technical,1,0,226
0022200929,312,PT03M30.00S,2,0,,1610612742,,,0,0,0,,0,,,0,h,MAVERICKS Rebound,Rebound,Normal Rebound,0,0,227
0022200929,314,PT03M12.00S,2,1610612742,DAL,202681,Irving,K. Irving,-107,131,17,Made,1,53,58,111,h,Irving 17' Pullup Jump Shot (6 PTS),Made Shot,Pullup Jump shot,1,2,228
0022200929,315,PT02M56.00S,2,1610612754,IND,1626167,Turner,M. Turner,49,88,10,Made,1,53,60,113,v,Turner 10' Jump Shot (12 PTS) (Haliburton 3 AST),Made Shot,Jump Shot,1,2,229
0022200929,317,PT02M46.00S,2,1610612754,IND,1627741,Hield,B. Hield,0,0,0,,0,,,0,v,Hield S.FOUL (P2.T3) (T.Ford),Foul,Shooting,1,0,230
0022200929,319,PT02M46.00S,2,1610612742,DAL,203939,Powell,D. Powell,0,0,0,,0,54,60,114,h,Powell Free Throw 1 of 2 (4 PTS),Free Throw,Free Throw 1 of 2,1,0,231
0022200929,320,PT02M46.00S,2,1610612742,DAL,203939,Powell,D. Powell,0,0,0,,0,,,0,h,MISS Powell Free Throw 2 of 2,Free Throw,Free Throw 2 of 2,1,0,232
0022200929,321,PT02M44.00S,2,1610612754,IND,1627741,Hield,B. Hield,0,0,0,,0,,,0,v,Hield REBOUND (Off:1 Def:2),Rebound,Unknown,1,0,233
0022200929,322,PT02M33.00S,2,1610612754,IND,1629614,Nembhard,A. Nembhard,233,27,0,Missed,1,,,0,v,MISS Nembhard 3PT Jump Shot,Missed Shot,Jump Shot,1,3,234
0022200929,323,PT02M30.00S,2,1610612742,DAL,1629029,Dončić,L. Dončić,0,0,0,,0,,,0,h,Doncic REBOUND (Off:0 Def:3),Rebound,Unknown,1,0,235
0022200929,324,PT02M28.00S,2,1610612754,IND,1627741,Hield,B. Hield,0,0,0,,0,,,0,v,Hield S.FOUL (P3.T4) (A.Nagy),Foul,Shooting,1,0,236
0022200929,326,PT02M28.00S,2,1610612742,DAL,1629029,Dončić,L. Dončić,0,0,0,,0,,,0,h,MISS Doncic Free Throw 1 of 2,Free Throw,Free Throw 1 of 2,1,0,237
0022200929,327,PT02M28.00S,2,0,,1610612742,,,0,0,0,,0,,,0,h,MAVERICKS Rebound,Rebound,Normal Rebound,0,0,238
0022200929,328,PT02M28.00S,2,1610612742,DAL,203501,Hardaway Jr.,T. Hardaway Jr.,0,0,0,,0,,,0,h,SUB: Kleber FOR Hardaway Jr.,Substitution,,0,0,239
0022200929,329,PT02M28.00S,2,1610612754,IND,1627741,Hield,B. Hield,0,0,0,,0,,,0,v,SUB: Mathurin FOR Hield,Substitution,,0,0,240
0022200929,332,PT02M28.00S,2,1610612742,DAL,1629029,Dončić,L. Dončić,0,0,0,,0,,,0,h,MISS Doncic Free Throw 2 of 2,Free Throw,Free Throw 2 of 2,1,0,241
0022200929,333,PT02M25.00S,2,1610612754,IND,1630174,Nesmith,A. Nesmith,0,0,0,,0,,,0,v,Nesmith REBOUND (Off:0 Def:1),Rebound,Unknown,1,0,242
0022200929,334,PT02M03.00S,2,1610612754,IND,1630169,Haliburton,T. Haliburton,48,21,5,Made,1,54,62,116,v,Haliburton 5' Driving Layup (10 PTS),Made Shot,Driving Layup Shot,1,2,243
0022200929,335,PT01M51.00S,2,1610612754,IND,1629614,Nembhard,A. Nembhard,0,0,0,,0,,,0,v,Nembhard S.FOUL (P1.PN) (A.Nagy),Foul,Shooting,1,0,244
0022200929,337,PT01M51.00S,2,1610612742,DAL,202681,Irving,K. Irving,0,0,0,,0,,,0,h,MISS Irving Free Throw 1 of 2,Free Throw,Free Throw 1 of 2,1,0,245
0022200929,338,PT01M51.00S,2,0,,1610612742,,,0,0,0,,0,,,0,h,MAVERICKS Rebound,Rebound,Normal Rebound,0,0,246
0022200929,339,PT01M51.00S,2,1610612742,DAL,203939,Powell,D. Powell,0,0,0,,0,,,0,h,SUB: Wood FOR Powell,Substitution,,0,0,247
0022200929,341,PT01M51.00S,2,1610612742,DAL,202681,Irving,K. Irving,0,0,0,,0,55,62,117,h,Irving Free Throw 2 of 2 (7 PTS),Free Throw,Free Throw 2 of 2,1,0,248
0022200929,342,PT01M37.00S,2,1610612754,IND,1630169,Haliburton,T. Haliburton,-164,148,22,Made,1,55,64,119,v,Haliburton 22' Step Back Jump Shot (12 PTS),Made Shot,Step Back Jump shot,1,2,249
0022200929,343,PT01M23.00S,2,1610612742,DAL,1626174,Wood,C. Wood,-4,12,1,Made,1,57,64,121,h,Wood 1' Cutting Dunk Shot (6 PTS) (Irving 6 AST),Made Shot,Cutting Dunk Shot,1,2,250
0022200929,345,PT00M58.30S,2,1610612754,IND,1630174,Nesmith,A. Nesmith,147,-8,15,Made,1,57,66,123,v,Nesmith 15' Step Back Jump Shot (12 PTS),Made Shot,Step Back Jump shot,1,2,251
0022200929,346,PT00M45.10S,2,1610612742,DAL,1626174,Wood,C. Wood,-22,21,3,Missed,1,,,0,h,MISS Wood 3' Driving Bank Hook Shot,Missed Shot,Driving Bank Hook Shot,1,2,252
0022200929,347,PT00M43.10S,2,1610612754,IND,1626167,Turner,M. Turner,0,0,0,,0,,,0,v,Turner REBOUND (Off:0 Def:6),Rebound,Unknown,1,0,253
0022200929,348,PT00M33.20S,2,1610612754,IND,1630169,Haliburton,T. Haliburton,148,298,33,Made,1,57,69,126,v,Haliburton 33' 3PT Pullup Jump Shot (15 PTS) (Nesmith 1 AST),Made Shot,Pullup Jump shot,1,3,254
0022200929,350,PT00M22.50S,2,1610612742,DAL,1626174,Wood,C. Wood,-2,6,1,Made,1,59,69,128,h,Wood 1' Driving Dunk (8 PTS) (Doncic 2 AST),Made Shot,Driving Dunk Shot,1,2,255
0022200929,352,PT00M02.90S,2,1610612754,IND,1630174,Nesmith,A. Nesmith,214,125,25,Missed,1,,,0,v,MISS Nesmith 25' 3PT Jump Shot,Missed Shot,Jump Shot,1,3,256
0022200929,353,PT00M00.20S,2,1610612742,DAL,1626174,Wood,C. Wood,0,0,0,,0,,,0,h,Wood REBOUND (Off:0 Def:4),Rebound,Unknown,1,0,257
0022200929,354,PT00M00.20S,2,1610612742,DAL,1626174,Wood,C. Wood,66,533,54,Missed,1,,,0,h,MISS Wood 54' 3PT Pullup Jump Shot,Missed Shot,Pullup Jump shot,1,3,258
0022200929,355,PT00M00.10S,2,0,,1610612742,,,0,0,0,,0,,,0,h,MAVERICKS Rebound,Rebound,Unknown,0,0,259
0022200929,356,PT00M00.00S,2,0,,0,,,0,0,0,,0,59,69,128,,End of 2nd Period (9:45 PM EST),period,end,1,0,260
0022200929,361,PT12M00.00S,3,0,,0,,,0,0,0,,0,59,69,128,,Start of 3rd Period (10:00 PM EST),period,start,0,0,261
0022200929,364,PT12M00.00S,3,0,,342,Toolson,A. Toolson,0,0,0,,0,59,69,128,,Instant Replay3rd Period (9:52 PM EST),Instant Replay,Replay Center,0,0,262
0022200929,362,PT11M35.00S,3,1610612754,IND,1630169,Haliburton,T. Haliburton,-93,85,13,Missed,1,,,0,v,MISS Haliburton 13' Driving Floating Jump Shot,Missed Shot,Driving Floating Jump Shot,1,2,263
0022200929,363,PT11M33.00S,3,1610612742,DAL,203493,Bullock Jr.,R. Bullock Jr.,0,0,0,,0,,,0,h,Bullock REBOUND (Off:1 Def:1),Rebound,Unknown,1,0,264
0022200929,374,PT11M31.00S,3,1610612742,DAL,203493,Bullock Jr.,R. Bullock Jr.,0,0,0,,0,,,0,h,Bullock Bad Pass Turnover (P1.T3),Turnover,Bad Pass,1,0,265
0022200929,374,PT11M31.00S,3,1610612754,IND,1626167,Turner,M. Turner,0,0,0,,0,,,0,v,Turner STEAL (1 STL),,,1,0,266
0022200929,365,PT11M26.00S,3,1610612742,DAL,1629029,Dončić,L. Dončić,0,0,0,,0,,,0,h,Jump Ball Doncic vs. Turner: Tip to Nembhard,Jump Ball,,1,0,267
0022200929,370,PT11M21.00S,3,1610612742,DAL,203501,Hardaway Jr.,T. Hardaway Jr.,0,0,0,,0,,,0,h,Hardaway Jr. P.FOUL (P4.T1) (M.Smith),Foul,Personal,1,0,268
0022200929,372,PT11M11.00S,3,1610612754,IND,1630174,Nesmith,A. Nesmith,-1,0,0,Made,1,59,71,130,v,Nesmith Reverse Layup (14 PTS) (Turner 1 AST),Made Shot,Reverse Layup Shot,1,2,269
0022200929,376,PT10M52.00S,3,1610612742,DAL,203501,Hardaway Jr.,T. Hardaway Jr.,230,-16,0,Made,1,62,71,133,h,Hardaway Jr. 3PT Jump Shot (13 PTS),Made Shot,Jump Shot,1,3,270
0022200929,377,PT10M32.00S,3,1610612754,IND,1630169,Haliburton,T. Haliburton,49,21,5,Made,1,62,73,135,v,Haliburton 5' Driving Floating Bank Jump Shot (17 PTS) (Hield 3 AST),Made Shot,Driving Floating Bank Jump Shot,1,2,271
0022200929,379,PT10M25.00S,3,1610612742,DAL,203493,Bullock Jr.,R. Bullock Jr.,235,34,24,Made,1,65,73,138,h,Bullock 24' 3PT Jump Shot (5 PTS) (Irving 7 AST),Made Shot,Jump Shot,1,3,272
0022200929,381,PT10M08.00S,3,1610612754,IND,1627741,Hield,B. Hield,15,199,20,Missed,1,,,0,v,MISS Hield 20' Pullup Jump Shot,Missed Shot,Pullup Jump shot,1,2,273
0022200929,382,PT10M06.00S,3,1610612742,DAL,203501,Hardaway Jr.,T. Hardaway Jr.,0,0,0,,0,,,0,h,Hardaway Jr. REBOUND (Off:0 Def:2),Rebound,Unknown,1,0,274
0022200929,383,PT09M53.00S,3,1610612754,IND,1630174,Nesmith,A. Nesmith,0,0,0,,0,,,0,v,Nesmith S.FOUL (P3.T1) (A.Nagy),Foul,Shooting,1,0,275
0022200929,385,PT09M53.00S,3,1610612754,IND,1630174,Nesmith,A. Nesmith,0,0,0,,0,,,0,v,Nesmith T.FOUL (P3.T1) (A.Nagy),Foul,Technical,1,0,276
0022200929,386,PT09M53.00S,3,1610612742,DAL,202681,Irving,K. Irving,0,0,0,,0,66,73,139,h,Irving Free Throw Technical (8 PTS),Free Throw,Free Throw Technical,1,0,277
0022200929,387,PT09M53.00S,3,1610612742,DAL,1629029,Dončić,L. Dončić,0,0,0,,0,67,73,140,h,Doncic Free Throw 1 of 2 (21 PTS),Free Throw,Free Throw 1 of 2,1,0,278
0022200929,388,PT09M53.00S,3,1610612742,DAL,1629029,Dončić,L. Dončić,0,0,0,,0,68,73,141,h,Doncic Free Throw 2 of 2 (22 PTS),Free Throw,Free Throw 2 of 2,1,0,279
0022200929,389,PT09M37.00S,3,1610612754,IND,1630174,Nesmith,A. Nesmith,232,2,0,Missed,1,,,0,v,MISS Nesmith 3PT Jump Shot,Missed Shot,Jump Shot,1,3,280
0022200929,390,PT09M34.00S,3,1610612742,DAL,202681,Irving,K. Irving,0,0,0,,0,,,0,h,Irving REBOUND (Off:1 Def:2),Rebound,Unknown,1,0,281
0022200929,391,PT09M20.00S,3,1610612742,DAL,1629029,Dončić,L. Dončić,119,224,25,Missed,1,,,0,h,MISS Doncic 25' 3PT Step Back Jump Shot,Missed Shot,Step Back Jump shot,1,3,282
0022200929,392,PT09M17.00S,3,1610612754,IND,1630169,Haliburton,T. Haliburton,0,0,0,,0,,,0,v,Haliburton REBOUND (Off:0 Def:3),Rebound,Unknown,1,0,283
0022200929,393,PT09M07.00S,3,1610612754,IND,1630169,Haliburton,T. Haliburton,2,69,7,Made,1,68,75,143,v,Haliburton 7' Driving Floating Jump Shot (19 PTS),Made Shot,Driving Floating Jump Shot,1,2,284
0022200929,394,PT08M49.00S,3,1610612754,IND,1630174,Nesmith,A. Nesmith,0,0,0,,0,,,0,v,Nesmith P.FOUL (P4.T2) (T.Ford),Foul,Personal,1,0,285
0022200929,398,PT08M49.00S,3,0,,1610612742,,,0,0,0,,0,,,0,h,MAVERICKS Timeout: Regular (Full 3 Short 0),Timeout,Regular,0,0,286
0022200929,399,PT08M49.00S,3,0,,394,,,0,0,0,,0,68,75,143,,Instant Replay3rd Period (10:07 PM EST),Instant Replay,Coach Challenge Overturn Ruling,0,0,287
0022200929,412,PT08M49.00S,3,1610612754,IND,1630174,Nesmith,A. Nesmith,0,0,0,,0,,,0,v,SUB: Nwora FOR Nesmith,Substitution,,0,0,288
0022200929,400,PT08M40.00S,3,1610612742,DAL,1628467,Kleber,M. Kleber,69,239,25,Made,1,71,75,146,h,Kleber 25' 3PT Jump Shot (7 PTS) (Doncic 3 AST),Made Shot,Jump Shot,1,3,289
0022200929,402,PT08M17.00S,3,1610612754,IND,1629614,Nembhard,A. Nembhard,175,170,24,Missed,1,,,0,v,MISS Nembhard 24' 3PT Jump Shot,Missed Shot,Jump Shot,1,3,290
0022200929,403,PT08M13.00S,3,1610612742,DAL,1629029,Dončić,L. Dončić,0,0,0,,0,,,0,h,Doncic REBOUND (Off:0 Def:4),Rebound,Unknown,1,0,291
0022200929,404,PT07M59.00S,3,1610612742,DAL,203493,Bullock Jr.,R. Bullock Jr.,-235,15,24,Made,1,74,75,149,h,Bullock 24' 3PT Jump Shot (8 PTS) (Kleber 2 AST),Made Shot,Jump Shot,1,3,292
0022200929,408,PT07M41.00S,3,1610612754,IND,1626167,Turner,M. Turner,87,248,26,Made,1,74,78,152,v,Turner 26' 3PT Jump Shot (15 PTS) (Haliburton 4 AST),Made Shot,Jump Shot,1,3,293
0022200929,410,PT07M22.00S,3,1610612742,DAL,202681,Irving,K. Irving,-28,9,3,Made,1,76,78,154,h,Irving 3' Layup (10 PTS) (Bullock 2 AST),Made Shot,Layup Shot,1,2,294
0022200929,414,PT07M12.00S,3,1610612754,IND,1630169,Haliburton,T. Haliburton,-37,2,4,Missed,1,,,0,v,MISS Haliburton 4' Driving Finger Roll Layup,Missed Shot,Driving Finger Roll Layup Shot,1,2,295
0022200929,415,PT07M12.00S,3,1610612742,DAL,1629029,Dončić,L. Dončić,0,0,0,,0,,,0,h,Doncic REBOUND (Off:0 Def:5),Rebound,Unknown,1,0,296
0022200929,416,PT07M04.00S,3,1610612742,DAL,203493,Bullock Jr.,R. Bullock Jr.,229,6,0,Made,1,79,78,157,h,Bullock 3PT Jump Shot (11 PTS) (Doncic 4 AST),Made Shot,Jump Shot,1,3,297
0022200929,418,PT07M02.00S,3,0,,1610612754,,,0,0,0,,0,,,0,v,Pacers Timeout: Regular (Reg.4 Short 0),Timeout,Regular,0,0,298
0022200929,419,PT06M42.00S,3,1610612754,IND,1626167,Turner,M. Turner,55,50,7,Made,1,79,80,159,v,Turner 7' Turnaround Bank Hook Shot (17 PTS) (Nembhard 5 AST),Made Shot,Turnaround Bank Hook Shot,1,2,299
0022200929,421,PT06M27.00S,3,1610612742,DAL,1629029,Dončić,L. Dončić,-4,14,1,Made,1,81,80,161,h,Doncic 1' Driving Layup (24 PTS),Made Shot,Driving Layup Shot,1,2,300
0022200929,422,PT06M10.00S,3,1610612754,IND,1626167,Turner,M. Turner,0,0,0,,0,,,0,v,Turner OFF.Foul (P3) (T.Ford),Foul,Offensive,1,0,301
0022200929,424,PT06M10.00S,3,1610612754,IND,1626167,Turner,M. Turner,0,0,0,,0,,,0,v,Turner Offensive Foul Turnover (P1.T5),Turnover,Offensive Foul Turnover,1,0,302
0022200929,425,PT06M10.00S,3,1610612742,DAL,1628467,Kleber,M. Kleber,0,0,0,,0,,,0,h,SUB: Wood FOR Kleber,Substitution,,0,0,303
0022200929,427,PT06M00.00S,3,1610612742,DAL,1629029,Dončić,L. Dončić,27,255,26,Made,1,84,80,164,h,Doncic 26' 3PT Step Back Jump Shot (27 PTS),Made Shot,Step Back Jump shot,1,3,304
0022200929,428,PT05M39.00S,3,1610612754,IND,1626167,Turner,M. Turner,1,53,5,Made,1,84,82,166,v,Turner 5' Turnaround Fadeaway (19 PTS),Made Shot,Turnaround Fadeaway shot,1,2,305
0022200929,429,PT05M21.00S,3,1610612742,DAL,202681,Irving,K. Irving,-110,222,25,Missed,1,,,0,h,MISS Irving 25' 3PT Step Back Jump Shot,Missed Shot,Step Back Jump shot,1,3,306
0022200929,430,PT05M18.00S,3,1610612754,IND,1627741,Hield,B. Hield,0,0,0,,0,,,0,v,Hield REBOUND (Off:1 Def:3),Rebound,Unknown,1,0,307
0022200929,431,PT05M12.00S,3,1610612754,IND,1629670,Nwora,J. Nwora,16,2,2,Missed,1,,,0,v,MISS Nwora 2' Driving Reverse Layup,Missed Shot,Driving Reverse Layup Shot,1,2,308
0022200929,432,PT05M10.00S,3,1610612742,DAL,1626174,Wood,C. Wood,0,0,0,,0,,,0,h,Wood REBOUND (Off:0 Def:5),Rebound,Unknown,1,0,309
0022200929,433,PT05M02.00S,3,1610612742,DAL,1629029,Dončić,L. Dončić,17,13,2,Missed,1,,,0,h,MISS Doncic 2' Driving Layup,Missed Shot,Driving Layup Shot,1,2,310
0022200929,433,PT05M02.00S,3,1610612754,IND,1626167,Turner,M. Turner,0,0,0,,0,,,0,v,Turner BLOCK (3 BLK),,,1,2,311
0022200929,435,PT04M59.00S,3,1610612754,IND,1627741,Hield,B. Hield,0,0,0,,0,,,0,v,Hield REBOUND (Off:1 Def:4),Rebound,Unknown,1,0,312
0022200929,436,PT04M57.00S,3,1610612754,IND,1630169,Haliburton,T. Haliburton,0,5,1,Made,1,84,84,168,v,Haliburton 1' Running Dunk (21 PTS),Made Shot,Running Dunk Shot,1,2,313
0022200929,437,PT04M57.00S,3,1610612742,DAL,203493,Bullock Jr.,R. Bullock Jr.,0,0,0,,0,,,0,h,Bullock S.FOUL (P3.T2) (T.Ford),Foul,Shooting,1,0,314
0022200929,439,PT04M57.00S,3,1610612754,IND,1630169,Haliburton,T. Haliburton,0,0,0,,0,84,85,169,v,Haliburton Free Throw 1 of 1 (22 PTS),Free Throw,Free Throw 1 of 1,1,0,315
0022200929,440,PT04M50.00S,3,1610612742,DAL,1629029,Dončić,L. Dončić,0,0,0,,0,,,0,h,Doncic Bad Pass Turnover (P2.T4),Turnover,Bad Pass,1,0,316
0022200929,440,PT04M50.00S,3,1610612754,IND,1627741,Hield,B. Hield,0,0,0,,0,,,0,v,Hield STEAL (1 STL),,,1,0,317
0022200929,442,PT04M46.00S,3,1610612754,IND,1629670,Nwora,J. Nwora,10,12,2,Made,1,84,87,171,v,Nwora 2' Running Reverse Layup (8 PTS) (Hield 4 AST),Made Shot,Running Reverse Layup Shot,1,2,318
0022200929,444,PT04M31.00S,3,1610612742,DAL,202681,Irving,K. Irving,-65,126,14,Missed,1,,,0,h,MISS Irving 14' Pullup Jump Shot,Missed Shot,Pullup Jump shot,1,2,319
0022200929,445,PT04M31.00S,3,1610612742,DAL,202681,Irving,K. Irving,0,0,0,,0,,,0,h,Irving REBOUND (Off:2 Def:2),Rebound,Unknown,1,0,320
0022200929,446,PT04M27.00S,3,1610612742,DAL,202681,Irving,K. Irving,-6,119,12,Missed,1,,,0,h,MISS Irving 12' Turnaround Jump Shot,Missed Shot,Turnaround Jump Shot,1,2,321
0022200929,446,PT04M27.00S,3,1610612754,IND,1630169,Haliburton,T. Haliburton,0,0,0,,0,,,0,v,Haliburton BLOCK (1 BLK),,,1,2,322
0022200929,448,PT04M27.00S,3,1610612754,IND,1629670,Nwora,J. Nwora,0,0,0,,0,,,0,v,Nwora REBOUND (Off:0 Def:3),Rebound,Unknown,1,0,323
0022200929,449,PT04M23.00S,3,1610612754,IND,1629670,Nwora,J. Nwora,-2,22,2,Made,1,84,89,173,v,Nwora 2' Running Layup (10 PTS),Made Shot,Running Layup Shot,1,2,324
0022200929,450,PT04M23.00S,3,1610612742,DAL,202681,Irving,K. Irving,0,0,0,,0,,,0,h,Irving S.FOUL (P3.T3) (A.Nagy),Foul,Shooting,1,0,325
0022200929,452,PT04M23.00S,3,1610612754,IND,1629670,Nwora,J. Nwora,0,0,0,,0,84,90,174,v,Nwora Free Throw 1 of 1 (11 PTS),Free Throw,Free Throw 1 of 1,1,0,326
0022200929,453,PT04M08.00S,3,1610612742,DAL,1629029,Dončić,L. Dončić,54,83,10,Made,1,86,90,176,h,Doncic 10' Turnaround Jump Shot (29 PTS),Made Shot,Turnaround Jump Shot,1,2,327
0022200929,454,PT04M08.00S,3,1610612754,IND,1630169,Haliburton,T. Haliburton,0,0,0,,0,,,0,v,Haliburton S.FOUL (P1.T3) (A.Nagy),Foul,Shooting,1,0,328
0022200929,456,PT04M08.00S,3,1610612742,DAL,202681,Irving,K. Irving,0,0,0,,0,,,0,h,SUB: Green FOR Irving,Substitution,,0,0,329
0022200929,458,PT04M08.00S,3,1610612742,DAL,1629029,Dončić,L. Dončić,0,0,0,,0,87,90,177,h,Doncic Free Throw 1 of 1 (30 PTS),Free Throw,Free Throw 1 of 1,1,0,330
0022200929,459,PT03M57.00S,3,1610612742,DAL,1626174,Wood,C. Wood,0,0,0,,0,,,0,h,Wood P.FOUL (P2.T4) (M.Smith),Foul,Personal,1,0,331
0022200929,461,PT03M55.00S,3,1610612742,DAL,1629029,Dončić,L. Dončić,0,0,0,,0,,,0,h,Doncic S.FOUL (P3.PN) (T.Ford),Foul,Shooting,1,0,332
0022200929,463,PT03M55.00S,3,1610612754,IND,1626167,Turner,M. Turner,0,0,0,,0,87,91,178,v,Turner Free Throw 1 of 2 (20 PTS),Free Throw,Free Throw 1 of 2,1,0,333
0022200929,464,PT03M55.00S,3,1610612754,IND,1629614,Nembhard,A. Nembhard,0,0,0,,0,,,0,v,SUB: Mathurin FOR Nembhard,Substitution,,0,0,334
0022200929,466,PT03M55.00S,3,1610612754,IND,1626167,Turner,M. Turner,0,0,0,,0,,,0,v,MISS Turner Free Throw 2 of 2,Free Throw,Free Throw 2 of 2,1,0,335
0022200929,467,PT03M52.00S,3,1610612742,DAL,1629029,Dončić,L. Dončić,0,0,0,,0,,,0,h,Doncic REBOUND (Off:0 Def:6),Rebound,Unknown,1,0,336
0022200929,468,PT03M38.00S,3,1610612742,DAL,1626174,Wood,C. Wood,230,52,24,Missed,1,,,0,h,MISS Wood 24' 3PT Jump Shot,Missed Shot,Jump Shot,1,3,337
0022200929,469,PT03M37.00S,3,1610612742,DAL,1630182,Green,J. Green,0,0,0,,0,,,0,h,Green REBOUND (Off:1 Def:3),Rebound,Unknown,1,0,338
0022200929,470,PT03M35.00S,3,1610612742,DAL,203501,Hardaway Jr.,T. Hardaway Jr.,176,203,27,Made,1,90,91,181,h,Hardaway Jr. 27' 3PT Jump Shot (16 PTS) (Green 2 AST),Made Shot,Jump Shot,1,3,339
0022200929,472,PT03M10.00S,3,1610612754,IND,1626167,Turner,M. Turner,92,-3,9,Missed,1,,,0,v,MISS Turner 9' Turnaround Jump Shot,Missed Shot,Turnaround Jump Shot,1,2,340
0022200929,473,PT03M09.00S,3,0,,1610612742,,,0,0,0,,0,,,0,h,MAVERICKS Rebound,Rebound,Unknown,0,0,341
0022200929,475,PT02M52.00S,3,1610612742,DAL,1629029,Dončić,L. Dončić,9,55,6,Made,1,92,91,183,h,Doncic 6' Driving Floating Jump Shot (32 PTS),Made Shot,Driving Floating Jump Shot,1,2,342
0022200929,476,PT02M37.00S,3,1610612754,IND,1627741,Hield,B. Hield,-151,206,26,Made,1,92,94,186,v,Hield 26' 3PT Step Back Jump Shot (10 PTS),Made Shot,Step Back Jump shot,1,3,343
0022200929,477,PT02M21.00S,3,1610612742,DAL,1629029,Dončić,L. Dončić,-214,111,24,Missed,1,,,0,h,MISS Doncic 24' 3PT Step Back Jump Shot,Missed Shot,Step Back Jump shot,1,3,344
0022200929,478,PT02M19.00S,3,1610612754,IND,1630169,Haliburton,T. Haliburton,0,0,0,,0,,,0,v,Haliburton REBOUND (Off:0 Def:4),Rebound,Unknown,1,0,345
0022200929,479,PT02M11.00S,3,1610612754,IND,1626167,Turner,M. Turner,43,63,8,Made,1,92,96,188,v,Turner 8' Jump Shot (22 PTS) (Haliburton 5 AST),Made Shot,Jump Shot,1,2,346
0022200929,481,PT01M58.00S,3,1610612742,DAL,1630182,Green,J. Green,-1,-2,0,Made,1,94,96,190,h,Green Alley Oop Layup (6 PTS) (Doncic 5 AST),Made Shot,Alley Oop Layup shot,1,2,347
0022200929,483,PT01M46.00S,3,1610612742,DAL,1630182,Green,J. Green,0,0,0,,0,,,0,h,Green S.FOUL (P1.PN) (M.Smith),Foul,Shooting,1,0,348
0022200929,485,PT01M46.00S,3,1610612754,IND,1630169,Haliburton,T. Haliburton,0,0,0,,0,94,97,191,v,Haliburton Free Throw 1 of 2 (23 PTS),Free Throw,Free Throw 1 of 2,1,0,349
0022200929,486,PT01M46.00S,3,1610612742,DAL,203501,Hardaway Jr.,T. Hardaway Jr.,0,0,0,,0,,,0,h,SUB: Holiday FOR Hardaway Jr.,Substitution,,0,0,350
0022200929,487,PT01M46.00S,3,1610612742,DAL,203493,Bullock Jr.,R. Bullock Jr.,0,0,0,,0,,,0,h,SUB: Powell FOR Bullock,Substitution,,0,0,351
0022200929,488,PT01M46.00S,3,1610612754,IND,1626167,Turner,M. Turner,0,0,0,,0,,,0,v,SUB: Smith FOR Turner,Substitution,,0,0,352
0022200929,489,PT01M46.00S,3,1610612754,IND,1631097,Mathurin,B. Mathurin,0,0,0,,0,,,0,v,SUB: McConnell FOR Mathurin,Substitution,,0,0,353
0022200929,494,PT01M46.00S,3,1610612754,IND,1630169,Haliburton,T. Haliburton,0,0,0,,0,94,98,192,v,Haliburton Free Throw 2 of 2 (24 PTS),Free Throw,Free Throw 2 of 2,1,0,354
0022200929,495,PT01M38.00S,3,1610612742,DAL,203200,Holiday,J. Holiday,0,0,0,,0,,,0,h,Holiday Bad Pass Turnover (P2.T5),Turnover,Bad Pass,1,0,355
0022200929,495,PT01M38.00S,3,1610612754,IND,204456,McConnell,T. McConnell,0,0,0,,0,,,0,v,McConnell STEAL (1 STL),,,1,0,356
0022200929,497,PT01M35.00S,3,1610612754,IND,204456,McConnell,T. McConnell,0,0,0,,0,,,0,v,McConnell Bad Pass Turnover (P1.T6),Turnover,Bad Pass,1,0,357
0022200929,497,PT01M35.00S,3,1610612742,DAL,203939,Powell,D. Powell,0,0,0,,0,,,0,h,Powell STEAL (1 STL),,,1,0,358
0022200929,499,PT01M30.00S,3,1610612742,DAL,203200,Holiday,J. Holiday,232,-6,0,Missed,1,,,0,h,MISS Holiday 3PT Jump Shot,Missed Shot,Jump Shot,1,3,359
0022200929,500,PT01M27.00S,3,1610612742,DAL,203200,Holiday,J. Holiday,0,0,0,,0,,,0,h,Holiday REBOUND (Off:1 Def:2),Rebound,Unknown,1,0,360
0022200929,501,PT01M15.00S,3,1610612742,DAL,1629029,Dončić,L. Dončić,16,8,2,Missed,1,,,0,h,MISS Doncic 2' Driving Layup,Missed Shot,Driving Layup Shot,1,2,361
0022200929,501,PT01M15.00S,3,1610612754,IND,1630188,Smith,J. Smith,0,0,0,,0,,,0,v,Smith BLOCK (1 BLK),,,1,2,362
0022200929,503,PT01M13.00S,3,1610612754,IND,1630169,Haliburton,T. Haliburton,0,0,0,,0,,,0,v,Haliburton REBOUND (Off:0 Def:5),Rebound,Unknown,1,0,363
0022200929,504,PT01M04.00S,3,1610612754,IND,1630169,Haliburton,T. Haliburton,196,152,25,Made,1,94,101,195,v,Haliburton 25' 3PT Jump Shot (27 PTS) (Smith 1 AST),Made Shot,Jump Shot,1,3,364
0022200929,506,PT00M49.50S,3,1610612754,IND,1630188,Smith,J. Smith,0,0,0,,0,,,0,v,Smith S.FOUL (P2.T4) (T.Ford),Foul,Shooting,1,0,365
0022200929,508,PT00M49.50S,3,1610612742,DAL,1626174,Wood,C. Wood,0,0,0,,0,95,101,196,h,Wood Free Throw 1 of 2 (9 PTS),Free Throw,Free Throw 1 of 2,1,0,366
0022200929,509,PT00M49.50S,3,1610612754,IND,1627741,Hield,B. Hield,0,0,0,,0,,,0,v,SUB: Mathurin FOR Hield,Substitution,,0,0,367
0022200929,511,PT00M49.50S,3,1610612742,DAL,1626174,Wood,C. Wood,0,0,0,,0,96,101,197,h,Wood Free Throw 2 of 2 (10 PTS),Free Throw,Free Throw 2 of 2,1,0,368
0022200929,512,PT00M35.10S,3,1610612742,DAL,1630182,Green,J. Green,0,0,0,,0,,,0,h,Green P.FOUL (P2.PN) (M.Smith),Foul,Personal,1,0,369
0022200929,514,PT00M35.10S,3,1610612754,IND,1630169,Haliburton,T. Haliburton,0,0,0,,0,96,102,198,v,Haliburton Free Throw 1 of 2 (28 PTS),Free Throw,Free Throw 1 of 2,1,0,370
0022200929,515,PT00M35.10S,3,1610612754,IND,1630169,Haliburton,T. Haliburton,0,0,0,,0,96,103,199,v,Haliburton Free Throw 2 of 2 (29 PTS),Free Throw,Free Throw 2 of 2,1,0,371
0022200929,516,PT00M29.00S,3,1610612742,DAL,203939,Powell,D. Powell,4,3,1,Made,1,98,103,201,h,Powell 1' Cutting Dunk Shot (6 PTS) (Wood 1 AST),Made Shot,Cutting Dunk Shot,1,2,372
0022200929,518,PT00M06.90S,3,1610612754,IND,1629670,Nwora,J. Nwora,-234,17,0,Made,1,98,106,204,v,Nwora 3PT Step Back Jump Shot (14 PTS) (Haliburton 6 AST),Made Shot,Step Back Jump shot,1,3,373
0022200929,520,PT00M00.60S,3,1610612742,DAL,1629029,Dončić,L. Dončić,-184,236,30,Missed,1,,,0,h,MISS Doncic 30' 3PT Step Back Jump Shot,Missed Shot,Step Back Jump shot,1,3,374
0022200929,521,PT00M00.60S,3,0,,1610612742,,,0,0,0,,0,,,0,h,MAVERICKS Rebound,Rebound,Unknown,0,0,375
0022200929,522,PT00M00.00S,3,0,,0,,,0,0,0,,0,98,106,204,,End of 3rd Period (10:28 PM EST),period,end,1,0,376
0022200929,529,PT12M00.00S,4,0,,0,,,0,0,0,,0,98,106,204,,Start of 4th Period (10:31 PM EST),period,start,0,0,377
0022200929,530,PT11M43.00S,4,1610612742,DAL,1626174,Wood,C. Wood,28,9,3,Made,1,100,106,206,h,Wood 3' Driving Bank Hook Shot (12 PTS) (Irving 8 AST),Made Shot,Driving Bank Hook Shot,1,2,378
0022200929,532,PT11M29.00S,4,1610612754,IND,204456,McConnell,T. McConnell,-11,5,1,Made,1,100,108,208,v,McConnell 1' Driving Reverse Layup (6 PTS),Made Shot,Driving Reverse Layup Shot,1,2,379
0022200929,533,PT11M19.00S,4,1610612742,DAL,1626174,Wood,C. Wood,0,0,0,,0,,,0,h,Wood OFF.Foul (P3) (A.Nagy),Foul,Offensive,1,0,380
0022200929,535,PT11M19.00S,4,1610612742,DAL,1626174,Wood,C. Wood,0,0,0,,0,,,0,h,Wood Offensive Foul Turnover (P1.T6),Turnover,Offensive Foul Turnover,1,0,381
0022200929,536,PT11M01.00S,4,1610612754,IND,1631097,Mathurin,B. Mathurin,-154,202,25,Missed,1,,,0,v,MISS Mathurin 25' 3PT Jump Shot,Missed Shot,Jump Shot,1,3,382
0022200929,537,PT10M59.00S,4,1610612742,DAL,1626174,Wood,C. Wood,0,0,0,,0,,,0,h,Wood REBOUND (Off:0 Def:6),Rebound,Unknown,1,0,383
0022200929,538,PT10M52.00S,4,1610612742,DAL,1626174,Wood,C. Wood,140,203,25,Missed,1,,,0,h,MISS Wood 25' 3PT Running Pull-Up Jump Shot,Missed Shot,Running Pull-Up Jump Shot,1,3,384
0022200929,539,PT10M49.00S,4,1610612754,IND,1629614,Nembhard,A. Nembhard,0,0,0,,0,,,0,v,Nembhard REBOUND (Off:1 Def:1),Rebound,Unknown,1,0,385
0022200929,540,PT10M42.00S,4,1610612754,IND,1630188,Smith,J. Smith,0,4,0,Made,1,100,110,210,v,Smith Dunk (11 PTS) (McConnell 2 AST),Made Shot,Dunk Shot,1,2,386
0022200929,542,PT10M28.00S,4,1610612742,DAL,1626174,Wood,C. Wood,0,0,0,,0,,,0,h,Wood OFF.Foul (P4) (T.Ford),Foul,Offensive,1,0,387
0022200929,544,PT10M28.00S,4,1610612742,DAL,1626174,Wood,C. Wood,0,0,0,,0,,,0,h,Wood Offensive Foul Turnover (P2.T7),Turnover,Offensive Foul Turnover,1,0,388
0022200929,545,PT10M28.00S,4,1610612742,DAL,1626174,Wood,C. Wood,0,0,0,,0,,,0,h,SUB: Kleber FOR Wood,Substitution,,0,0,389
0022200929,547,PT10M18.00S,4,1610612754,IND,204456,McConnell,T. McConnell,107,-3,11,Made,1,100,112,212,v,McConnell 11' Driving Floating Jump Shot (8 PTS),Made Shot,Driving Floating Jump Shot,1,2,390
0022200929,548,PT10M02.00S,4,1610612742,DAL,202681,Irving,K. Irving,-9,87,9,Made,1,102,112,214,h,Irving 9' Turnaround Fadeaway (12 PTS),Made Shot,Turnaround Fadeaway shot,1,2,391
0022200929,549,PT09M50.00S,4,1610612754,IND,1630188,Smith,J. Smith,-70,241,25,Missed,1,,,0,v,MISS Smith 25' 3PT Jump Shot,Missed Shot,Jump Shot,1,3,392
0022200929,550,PT09M48.00S,4,1610612742,DAL,203501,Hardaway Jr.,T. Hardaway Jr.,0,0,0,,0,,,0,h,Hardaway Jr. REBOUND (Off:0 Def:3),Rebound,Unknown,1,0,393
0022200929,551,PT09M44.00S,4,1610612742,DAL,1630182,Green,J. Green,7,9,1,Made,1,104,112,216,h,Green 1' Running Dunk (8 PTS) (Hardaway Jr. 1 AST),Made Shot,Running Dunk Shot,1,2,394
0022200929,553,PT09M44.00S,4,0,,1610612754,,,0,0,0,,0,,,0,v,Pacers Timeout: Regular (Reg.5 Short 0),Timeout,Regular,0,0,395
0022200929,554,PT09M30.00S,4,1610612754,IND,1631097,Mathurin,B. Mathurin,-39,27,5,Missed,1,,,0,v,MISS Mathurin 5' Driving Floating Jump Shot,Missed Shot,Driving Floating Jump Shot,1,2,396
0022200929,554,PT09M30.00S,4,1610612742,DAL,1628467,Kleber,M. Kleber,0,0,0,,0,,,0,h,Kleber BLOCK (1 BLK),,,1,2,397
0022200929,556,PT09M27.00S,4,1610612754,IND,1630188,Smith,J. Smith,0,0,0,,0,,,0,v,Smith REBOUND (Off:2 Def:5),Rebound,Unknown,1,0,398
0022200929,557,PT09M22.00S,4,1610612754,IND,1630188,Smith,J. Smith,0,0,0,,0,,,0,v,Smith Lost Ball Turnover (P2.T7),Turnover,Lost Ball,1,0,399
0022200929,557,PT09M22.00S,4,1610612742,DAL,203200,Holiday,J. Holiday,0,0,0,,0,,,0,h,Holiday STEAL (2 STL),,,1,0,400
0022200929,559,PT09M14.00S,4,1610612742,DAL,202681,Irving,K. Irving,-1,8,1,Missed,1,,,0,h,MISS Irving 1' Driving Layup,Missed Shot,Driving Layup Shot,1,2,401
0022200929,560,PT09M12.00S,4,1610612754,IND,1630188,Smith,J. Smith,0,0,0,,0,,,0,v,Smith REBOUND (Off:2 Def:6),Rebound,Unknown,1,0,402
0022200929,561,PT09M01.00S,4,1610612754,IND,1629614,Nembhard,A. Nembhard,107,-1,11,Missed,1,,,0,v,MISS Nembhard 11' Driving Floating Bank Jump Shot,Missed Shot,Driving Floating Bank Jump Shot,1,2,403
0022200929,562,PT08M59.00S,4,1610612742,DAL,1630182,Green,J. Green,0,0,0,,0,,,0,h,Green REBOUND (Off:1 Def:4),Rebound,Unknown,1,0,404
0022200929,563,PT08M53.00S,4,1610612742,DAL,203200,Holiday,J. Holiday,-223,29,0,Missed,1,,,0,h,MISS Holiday 3PT Jump Shot,Missed Shot,Jump Shot,1,3,405
0022200929,564,PT08M50.00S,4,1610612754,IND,1630188,Smith,J. Smith,0,0,0,,0,,,0,v,Smith REBOUND (Off:2 Def:7),Rebound,Unknown,1,0,406
0022200929,565,PT08M32.00S,4,1610612754,IND,204456,McConnell,T. McConnell,-118,21,12,Missed,1,,,0,v,MISS McConnell 12' Fadeaway Jumper,Missed Shot,Fadeaway Jump Shot,1,2,407
0022200929,566,PT08M32.00S,4,0,,1610612742,,,0,0,0,,0,,,0,h,MAVERICKS Rebound,Rebound,Unknown,0,0,408
0022200929,567,PT08M32.00S,4,1610612754,IND,1630188,Smith,J. Smith,0,0,0,,0,,,0,v,Smith L.B.FOUL (P3.T1) (T.Ford),Foul,Loose Ball,1,0,409
0022200929,569,PT08M32.00S,4,1610612742,DAL,203200,Holiday,J. Holiday,0,0,0,,0,,,0,h,SUB: Bullock FOR Holiday,Substitution,,0,0,410
0022200929,570,PT08M32.00S,4,1610612754,IND,1630188,Smith,J. Smith,0,0,0,,0,,,0,v,SUB: Turner FOR Smith,Substitution,,0,0,411
0022200929,573,PT08M16.00S,4,1610612742,DAL,202681,Irving,K. Irving,-109,171,20,Made,1,106,112,218,h,Irving 20' Pullup Jump Shot (14 PTS),Made Shot,Pullup Jump shot,1,2,412
0022200929,574,PT08M04.00S,4,1610612742,DAL,203493,Bullock Jr.,R. Bullock Jr.,0,0,0,,0,,,0,h,Bullock P.FOUL (P4.T1) (T.Ford),Foul,Personal,1,0,413
0022200929,576,PT08M04.00S,4,1610612742,DAL,1630182,Green,J. Green,0,0,0,,0,,,0,h,SUB: Doncic FOR Green,Substitution,,0,0,414
0022200929,578,PT07M50.00S,4,1610612754,IND,1629614,Nembhard,A. Nembhard,-140,227,27,Made,1,106,115,221,v,Nembhard 27' 3PT Jump Shot (3 PTS) (McConnell 3 AST),Made Shot,Jump Shot,1,3,415
0022200929,580,PT07M32.00S,4,1610612742,DAL,1628467,Kleber,M. Kleber,0,16,2,Missed,1,,,0,h,MISS Kleber 2' Cutting Layup Shot,Missed Shot,Cutting Layup Shot,1,2,416
0022200929,580,PT07M32.00S,4,1610612754,IND,1629614,Nembhard,A. Nembhard,0,0,0,,0,,,0,v,Nembhard BLOCK (1 BLK),,,1,2,417
0022200929,582,PT07M30.00S,4,1610612754,IND,1626167,Turner,M. Turner,0,0,0,,0,,,0,v,Turner REBOUND (Off:0 Def:7),Rebound,Unknown,1,0,418
0022200929,583,PT07M26.00S,4,1610612754,IND,1629670,Nwora,J. Nwora,5,6,1,Made,1,106,117,223,v,Nwora 1' Running Layup (16 PTS) (McConnell 4 AST),Made Shot,Running Layup Shot,1,2,419
0022200929,585,PT07M26.00S,4,0,,1610612742,,,0,0,0,,0,,,0,h,MAVERICKS Timeout: Regular (Full 4 Short 0),Timeout,Regular,0,0,420
0022200929,586,PT07M09.00S,4,1610612742,DAL,1628467,Kleber,M. Kleber,-7,5,1,Made,1,108,117,225,h,Kleber 1' Layup (9 PTS) (Irving 9 AST),Made Shot,Layup Shot,1,2,421
0022200929,588,PT06M46.00S,4,1610612754,IND,1626167,Turner,M. Turner,66,43,8,Made,1,108,119,227,v,Turner 8' Turnaround Fadeaway (24 PTS),Made Shot,Turnaround Fadeaway shot,1,2,422
0022200929,589,PT06M30.00S,4,1610612742,DAL,202681,Irving,K. Irving,1,8,1,Made,1,110,119,229,h,Irving 1' Driving Layup (16 PTS),Made Shot,Driving Layup Shot,1,2,423
0022200929,590,PT06M11.00S,4,1610612754,IND,1631097,Mathurin,B. Mathurin,-5,2,1,Made,1,110,121,231,v,Mathurin 1' Driving Dunk (6 PTS) (Nwora 1 AST),Made Shot,Driving Dunk Shot,1,2,424
0022200929,592,PT05M48.00S,4,1610612742,DAL,1629029,Dončić,L. Dončić,77,46,9,Made,1,112,121,233,h,Doncic 9' Turnaround Jump Shot (34 PTS),Made Shot,Turnaround Jump Shot,1,2,425
0022200929,594,PT05M28.00S,4,1610612754,IND,1631097,Mathurin,B. Mathurin,0,0,0,,0,,,0,v,Mathurin Palming Turnover (P2.T8),Turnover,Palming Turnover,1,0,426
0022200929,595,PT05M28.00S,4,1610612754,IND,204456,McConnell,T. McConnell,0,0,0,,0,,,0,v,SUB: Haliburton FOR McConnell,Substitution,,0,0,427
0022200929,597,PT05M10.00S,4,1610612754,IND,1626167,Turner,M. Turner,0,0,0,,0,,,0,v,Turner P.FOUL (P4.T2) (M.Smith),Foul,Personal,1,0,428
0022200929,599,PT05M00.00S,4,1610612742,DAL,203493,Bullock Jr.,R. Bullock Jr.,78,241,25,Missed,1,,,0,h,MISS Bullock 25' 3PT Jump Shot,Missed Shot,Jump Shot,1,3,429
0022200929,600,PT04M56.00S,4,1610612754,IND,1629614,Nembhard,A. Nembhard,0,0,0,,0,,,0,v,Nembhard REBOUND (Off:1 Def:2),Rebound,Unknown,1,0,430
0022200929,601,PT04M41.00S,4,1610612754,IND,1629614,Nembhard,A. Nembhard,-165,223,28,Missed,1,,,0,v,MISS Nembhard 28' 3PT Jump Shot,Missed Shot,Jump Shot,1,3,431
0022200929,602,PT04M37.00S,4,1610612742,DAL,202681,Irving,K. Irving,0,0,0,,0,,,0,h,Irving REBOUND (Off:2 Def:3),Rebound,Unknown,1,0,432
0022200929,603,PT04M30.00S,4,1610612742,DAL,202681,Irving,K. Irving,7,43,4,Missed,1,,,0,h,MISS Irving 4' Running Layup,Missed Shot,Running Layup Shot,1,2,433
0022200929,603,PT04M30.00S,4,1610612754,IND,1626167,Turner,M. Turner,0,0,0,,0,,,0,v,Turner BLOCK (4 BLK),,,1,2,434
0022200929,605,PT04M28.00S,4,1610612754,IND,1631097,Mathurin,B. Mathurin,0,0,0,,0,,,0,v,Mathurin REBOUND (Off:1 Def:3),Rebound,Unknown,1,0,435
0022200929,606,PT04M13.00S,4,1610612742,DAL,1628467,Kleber,M. Kleber,0,0,0,,0,,,0,h,Kleber P.FOUL (P2.T2) (M.Smith),Foul,Personal,1,0,436
0022200929,608,PT04M13.00S,4,1610612742,DAL,202681,Irving,K. Irving,0,0,0,,0,,,0,h,SUB: Powell FOR Irving,Substitution,,0,0,437
0022200929,609,PT04M13.00S,4,1610612742,DAL,1628467,Kleber,M. Kleber,0,0,0,,0,,,0,h,SUB: Green FOR Kleber,Substitution,,0,0,438
0022200929,612,PT04M04.00S,4,1610612754,IND,1629670,Nwora,J. Nwora,102,-3,10,Missed,1,,,0,v,MISS Nwora 10' Driving Floating Jump Shot,Missed Shot,Driving Floating Jump Shot,1,2,439
0022200929,613,PT04M01.00S,4,1610612742,DAL,1630182,Green,J. Green,0,0,0,,0,,,0,h,Green REBOUND (Off:1 Def:5),Rebound,Unknown,1,0,440
0022200929,614,PT03M59.00S,4,1610612742,DAL,1629029,Dončić,L. Dončić,53,-1,5,Missed,1,,,0,h,MISS Doncic 5' Running Layup,Missed Shot,Running Layup Shot,1,2,441
0022200929,615,PT03M58.00S,4,1610612742,DAL,203939,Powell,D. Powell,0,0,0,,0,,,0,h,Powell REBOUND (Off:3 Def:0),Rebound,Unknown,1,0,442
0022200929,616,PT03M57.00S,4,1610612742,DAL,203939,Powell,D. Powell,0,0,0,Made,1,114,121,235,h,Powell Tip Layup Shot (8 PTS),Made Shot,Tip Layup Shot,1,2,443
0022200929,617,PT03M31.00S,4,1610612754,IND,1630169,Haliburton,T. Haliburton,-40,95,10,Missed,1,,,0,v,MISS Haliburton 10' Driving Floating Jump Shot,Missed Shot,Driving Floating Jump Shot,1,2,444
0022200929,618,PT03M31.00S,4,0,,1610612742,,,0,0,0,,0,,,0,h,MAVERICKS Rebound,Rebound,Unknown,0,0,445
0022200929,620,PT03M30.00S,4,0,,1610612742,,,0,0,0,,0,,,0,h,MAVERICKS Timeout: Regular (Full 5 Short 0),Timeout,Regular,0,0,446
0022200929,621,PT03M30.00S,4,1610612742,DAL,1630182,Green,J. Green,0,0,0,,0,,,0,h,SUB: Irving FOR Green,Substitution,,0,0,447
0022200929,622,PT03M30.00S,4,1610612754,IND,1631097,Mathurin,B. Mathurin,0,0,0,,0,,,0,v,SUB: Hield FOR Mathurin,Substitution,,0,0,448
0022200929,623,PT03M30.00S,4,1610612754,IND,1629670,Nwora,J. Nwora,0,0,0,,0,,,0,v,SUB: Nesmith FOR Nwora,Substitution,,0,0,449
0022200929,627,PT03M11.00S,4,1610612742,DAL,1629029,Dončić,L. Dončić,-127,236,27,Made,1,117,121,238,h,Doncic 27' 3PT Pullup Jump Shot (37 PTS),Made Shot,Pullup Jump shot,1,3,450
0022200929,628,PT02M42.00S,4,1610612754,IND,1630169,Haliburton,T. Haliburton,-51,248,25,Missed,1,,,0,v,MISS Haliburton 25' 3PT Step Back Jump Shot,Missed Shot,Step Back Jump shot,1,3,451
0022200929,629,PT02M41.00S,4,1610612742,DAL,1629029,Dončić,L. Dončić,0,0,0,,0,,,0,h,Doncic REBOUND (Off:0 Def:7),Rebound,Unknown,1,0,452
0022200929,630,PT02M30.00S,4,1610612742,DAL,203493,Bullock Jr.,R. Bullock Jr.,233,15,0,Made,1,120,121,241,h,Bullock 3PT Jump Shot (14 PTS) (Doncic 6 AST),Made Shot,Jump Shot,1,3,453
0022200929,632,PT02M13.00S,4,1610612742,DAL,203939,Powell,D. Powell,0,0,0,,0,,,0,h,Powell S.FOUL (P2.T3) (A.Nagy),Foul,Shooting,1,0,454
0022200929,634,PT02M13.00S,4,1610612754,IND,1630169,Haliburton,T. Haliburton,0,0,0,,0,,,0,v,MISS Haliburton Free Throw 1 of 2,Free Throw,Free Throw 1 of 2,1,0,455
0022200929,635,PT02M13.00S,4,0,,1610612754,,,0,0,0,,0,,,0,v,Pacers Rebound,Rebound,Normal Rebound,0,0,456
0022200929,636,PT02M13.00S,4,1610612742,DAL,203939,Powell,D. Powell,0,0,0,,0,,,0,h,SUB: Kleber FOR Powell,Substitution,,0,0,457
0022200929,638,PT02M13.00S,4,1610612754,IND,1630169,Haliburton,T. Haliburton,0,0,0,,0,120,122,242,v,Haliburton Free Throw 2 of 2 (30 PTS),Free Throw,Free Throw 2 of 2,1,0,458
0022200929,639,PT01M53.00S,4,1610612742,DAL,202681,Irving,K. Irving,-233,16,0,Missed,1,,,0,h,MISS Irving 3PT Jump Shot,Missed Shot,Jump Shot,1,3,459
0022200929,640,PT01M50.00S,4,1610612754,IND,1630169,Haliburton,T. Haliburton,0,0,0,,0,,,0,v,Haliburton REBOUND (Off:0 Def:6),Rebound,Unknown,1,0,460
0022200929,641,PT01M37.00S,4,1610612754,IND,1630174,Nesmith,A. Nesmith,0,0,0,,0,,,0,v,Nesmith Traveling Turnover (P2.T9),Turnover,Traveling,1,0,461
0022200929,642,PT01M20.00S,4,1610612742,DAL,1628467,Kleber,M. Kleber,188,168,25,Missed,1,,,0,h,MISS Kleber 25' 3PT Jump Shot,Missed Shot,Jump Shot,1,3,462
0022200929,643,PT01M16.00S,4,1610612754,IND,1630169,Haliburton,T. Haliburton,0,0,0,,0,,,0,v,Haliburton REBOUND (Off:0 Def:7),Rebound,Unknown,1,0,463
0022200929,644,PT00M53.80S,4,1610612754,IND,1630169,Haliburton,T. Haliburton,29,5,3,Missed,1,,,0,v,MISS Haliburton 3' Driving Layup,Missed Shot,Driving Layup Shot,1,2,464
0022200929,645,PT00M52.10S,4,1610612742,DAL,203493,Bullock Jr.,R. Bullock Jr.,0,0,0,,0,,,0,h,Bullock REBOUND (Off:1 Def:2),Rebound,Unknown,1,0,465
0022200929,646,PT00M40.50S,4,1610612742,DAL,203493,Bullock Jr.,R. Bullock Jr.,185,169,25,Missed,1,,,0,h,MISS Bullock 25' 3PT Jump Shot,Missed Shot,Jump Shot,1,3,466
0022200929,647,PT00M38.10S,4,1610612742,DAL,1629029,Dončić,L. Dončić,0,0,0,,0,,,0,h,Doncic REBOUND (Off:1 Def:7),Rebound,Unknown,1,0,467
0022200929,648,PT00M35.80S,4,1610612742,DAL,202681,Irving,K. Irving,-17,4,2,Missed,1,,,0,h,MISS Irving 2' Layup,Missed Shot,Layup Shot,1,2,468
0022200929,648,PT00M35.80S,4,1610612754,IND,1630174,Nesmith,A. Nesmith,0,0,0,,0,,,0,v,Nesmith BLOCK (1 BLK),,,1,2,469
0022200929,650,PT00M35.80S,4,0,,1610612742,,,0,0,0,,0,,,0,h,MAVERICKS Rebound,Rebound,Unknown,0,0,470
0022200929,652,PT00M35.80S,4,0,,1610612742,,,0,0,0,,0,,,0,h,MAVERICKS Timeout: Regular (Full 6 Short 0),Timeout,Regular,0,0,471
0022200929,653,PT00M27.60S,4,1610612742,DAL,203501,Hardaway Jr.,T. Hardaway Jr.,234,50,24,Missed,1,,,0,h,MISS Hardaway Jr. 24' 3PT Jump Shot,Missed Shot,Jump Shot,1,3,472
0022200929,654,PT00M25.40S,4,0,,1610612754,,,0,0,0,,0,,,0,v,Pacers Rebound,Rebound,Unknown,0,0,473
0022200929,656,PT00M23.50S,4,1610612742,DAL,202681,Irving,K. Irving,0,0,0,,0,,,0,h,Irving Personal Take Foul (P4.T4) (M.Smith),Foul,Personal Take,1,0,474
0022200929,658,PT00M19.10S,4,1610612742,DAL,203493,Bullock Jr.,R. Bullock Jr.,0,0,0,,0,,,0,h,Bullock Personal Take Foul (P5.PN) (A.Nagy),Foul,Personal Take,1,0,475
0022200929,660,PT00M19.10S,4,1610612754,IND,1630169,Haliburton,T. Haliburton,0,0,0,,0,120,123,243,v,Haliburton Free Throw 1 of 2 (31 PTS),Free Throw,Free Throw 1 of 2,1,0,476
0022200929,661,PT00M19.10S,4,1610612754,IND,1627741,Hield,B. Hield,0,0,0,,0,,,0,v,SUB: Nwora FOR Hield,Substitution,,0,0,477
0022200929,663,PT00M19.10S,4,1610612754,IND,1630169,Haliburton,T. Haliburton,0,0,0,,0,120,124,244,v,Haliburton Free Throw 2 of 2 (32 PTS),Free Throw,Free Throw 2 of 2,1,0,478
0022200929,664,PT00M11.20S,4,1610612754,IND,1626167,Turner,M. Turner,0,0,0,,0,,,0,v,Turner S.FOUL (P5.T3) (A.Nagy),Foul,Shooting,1,0,479
0022200929,666,PT00M11.20S,4,1610612742,DAL,1629029,Dončić,L. Dončić,0,0,0,,0,121,124,245,h,Doncic Free Throw 1 of 2 (38 PTS),Free Throw,Free Throw 1 of 2,1,0,480
0022200929,667,PT00M11.20S,4,1610612742,DAL,202681,Irving,K. Irving,0,0,0,,0,,,0,h,SUB: Holiday FOR Irving,Substitution,,0,0,481
0022200929,668,PT00M11.20S,4,1610612742,DAL,203493,Bullock Jr.,R. Bullock Jr.,0,0,0,,0,,,0,h,SUB: Green FOR Bullock,Substitution,,0,0,482
0022200929,669,PT00M11.20S,4,1610612754,IND,1630174,Nesmith,A. Nesmith,0,0,0,,0,,,0,v,SUB: McConnell FOR Nesmith,Substitution,,0,0,483
0022200929,670,PT00M11.20S,4,1610612754,IND,1629670,Nwora,J. Nwora,0,0,0,,0,,,0,v,SUB: Hield FOR Nwora,Substitution,,0,0,484
0022200929,675,PT00M11.20S,4,1610612742,DAL,1629029,Dončić,L. Dončić,0,0,0,,0,122,124,246,h,Doncic Free Throw 2 of 2 (39 PTS),Free Throw,Free Throw 2 of 2,1,0,485
0022200929,676,PT00M07.60S,4,1610612742,DAL,1630182,Green,J. Green,0,0,0,,0,,,0,h,Green Personal Take Foul (P3.PN) (T.Ford),Foul,Personal Take,1,0,486
0022200929,680,PT00M07.60S,4,1610612742,DAL,1630182,Green,J. Green,0,0,0,,0,,,0,h,SUB: Powell FOR Green,Substitution,,0,0,487
0022200929,681,PT00M07.60S,4,1610612754,IND,1630169,Haliburton,T. Haliburton,0,0,0,,0,,,0,v,SUB: Nwora FOR Haliburton,Substitution,,0,0,488
0022200929,682,PT00M07.60S,4,1610612754,IND,1627741,Hield,B. Hield,0,0,0,,0,,,0,v,SUB: Nesmith FOR Hield,Substitution,,0,0,489
0022200929,678,PT00M07.60S,4,1610612754,IND,1629614,Nembhard,A. Nembhard,0,0,0,,0,,,0,v,MISS Nembhard Free Throw 1 of 2,Free Throw,Free Throw 1 of 2,1,0,490
0022200929,679,PT00M07.60S,4,0,,1610612754,,,0,0,0,,0,,,0,v,Pacers Rebound,Rebound,Normal Rebound,0,0,491
0022200929,686,PT00M07.60S,4,1610612754,IND,1629614,Nembhard,A. Nembhard,0,0,0,,0,,,0,v,MISS Nembhard Free Throw 2 of 2,Free Throw,Free Throw 2 of 2,1,0,492
0022200929,687,PT00M07.60S,4,1610612742,DAL,203501,Hardaway Jr.,T. Hardaway Jr.,0,0,0,,0,,,0,h,Hardaway Jr. REBOUND (Off:0 Def:4),Rebound,Unknown,1,0,493
0022200929,688,PT00M07.30S,4,0,,1610612742,,,0,0,0,,0,,,0,h,MAVERICKS Timeout: Regular (Full 7 Short 0),Timeout,Regular,0,0,494
0022200929,689,PT00M07.30S,4,1610612742,DAL,203939,Powell,D. Powell,0,0,0,,0,,,0,h,SUB: Irving FOR Powell,Substitution,,0,0,495
0022200929,691,PT00M01.80S,4,1610612742,DAL,202681,Irving,K. Irving,-105,227,25,Missed,1,,,0,h,MISS Irving 25' 3PT Step Back Jump Shot,Missed Shot,Step Back Jump shot,1,3,496
0022200929,692,PT00M00.70S,4,0,,1610612742,,,0,0,0,,0,,,0,h,MAVERICKS Rebound,Rebound,Unknown,1,0,497
0022200929,693,PT00M00.00S,4,0,,0,,,0,0,0,,0,122,124,246,,End of 4th Period (11:02 PM EST),period,end,1,0,498
